Timestamp,Rate the following meals [Aloo Pyaz Paratha],Rate the following meals [Rajma],Rate the following meals [Chana Masala],Rate the following meals [Poha],Rate the following meals [Paneer Do Pyaza],Rate the following meals [Mix Veg + Rasmalai],Rate the following meals [Mix Paratha],Rate the following meals [Kadhi Pakoda],Rate the following meals [Chicken/Paneer Tikka],Rate the following meals [Idli Sambhar],Rate the following meals [Gobi Aloo],Rate the following meals [Aloo Beans + Milk Cake],Rate the following meals [Pav Bhaji],Rate the following meals [Black Chana],Rate the following meals [Paneer Bhurji/Egg Curry],Rate the following meals [Dosa Uttapam],Rate the following meals [Chole Paneer],Rate the following meals [Dal Tadka + Rasgulla],Rate the following meals [Amritsari Naan Chole],Rate the following meals [Aloo Nutri],Rate the following meals [Chicken/Paneer Chilli],How much did you eat? [Aloo Pyaz Paratha],How much did you eat? [Rajma],How much did you eat? [Chana Masala],How much did you eat? [Poha],How much did you eat? [Paneer Do Pyaza],How much did you eat? [Mix Veg + Rasmalai],How much did you eat? [Mix Paratha],How much did you eat? [Kadhi Pakoda],How much did you eat? [Chicken/Paneer Tikka],How much did you eat? [Idli Sambhar],How much did you eat? [Gobi Aloo],How much did you eat? [Aloo Beans + Milk Cake],How much did you eat? [Pav Bhaji],How much did you eat? [Black Chana],How much did you eat? [Paneer Bhurji/Egg Curry],How much did you eat? [Dosa Uttpam],How much did you eat? [Chole Paneer],How much did you eat? [Dal Tadka + Rasgulla],How much did you eat? [Amritsari Naan Chole],How much did you eat? [Aloo Nutri],How much did you eat? [Chicken/Paneer Chilli],Did you like the meal? [Aloo Pyaz Paratha],Did you like the meal? [Rajma],Did you like the meal? [Chana Masala],Did you like the meal? [Poha],Did you like the meal? [Paneer Do Pyaza],Did you like the meal? [Mix Veg + Rasmalai],Did you like the meal? [Mix Paratha],Did you like the meal? [Kadhi Pakoda],Did you like the meal? [Chicken/Paneer Tikka],Did you like the meal? [Idli Sambhar],Did you like the meal? [Gobi Aloo],Did you like the meal? [Aloo Beans + Milk Cake],Did you like the meal? [Pav Bhaji],Did you like the meal? [Black Chana],Did you like the meal? [Paneer Bhurji/Egg Curry],Did you like the meal? [Dosa Uttapam],Did you like the meal? [Chole Paneer],Did you like the meal? [Dal Tadka + Rasgulla],Did you like the meal? [Amritsari Naan Chole],Did you like the meal? [Aloo Nutri],Did you like the meal? [Chicken/Paneer Chilli],Where do you usually eat?,Any general feedback?
4/6/2026 16:17:41,5,5,2,3,2,2,4,3,3,3,1,3,4,4,2,5,5,4,5,2,3,Full,Full,Half,Full,Full,Half,Full,Full,Full,Full,Skipped,Half,Full,Full,Skipped,Full,Full,Full,Full,Skipped,Half,Yes,Yes,No,Neutral,Neutral,No,Yes,Neutral,Yes,Yes,No,Yes,Yes,Yes,No,Yes,Yes,Yes,Yes,No,Neutral,Both,Improve the quality of the Food
4/6/2026 16:27:15,1,2,2,3,1,2,3,1,2,1,1,2,1,1,2,3,1,2,3,3,3,Skipped,Full,Full,Half,Half,Half,Half,Full,Half,Half,Full,Half,Half,Half,Full,Half,Half,Half,Full,Half,Full,No,No,No,No,No,No,Yes,No,Neutral,Yes,No,Neutral,Neutral,Yes,Neutral,Neutral,Neutral,Yes,No,No,Yes,Outside,
4/6/2026 16:28:29,4,5,4,2,3,4,4,2,2,4,3,3,2,4,4,4,4,4,4,2,2,Full,Full,Full,Full,Half,Full,Full,Skipped,Skipped,Full,Full,Half,Half,Full,Full,Full,Half,Half,Full,Half,Skipped,Yes,Yes,Yes,Neutral,Neutral,Neutral,Yes,No,No,Yes,Neutral,Neutral,Neutral,Yes,Yes,Yes,Neutral,Yes,Yes,No,No,Mess,
4/6/2026 16:28:36,3,2,2,3,3,1,3,1,1,3,1,1,2,3,2,3,2,1,3,1,1,Full,Full,Half,Full,Full,Skipped,Full,Skipped,Skipped,Full,Skipped,Skipped,Full,Full,Full,Full,Full,Skipped,Full,Skipped,Half,Neutral,Neutral,Neutral,Neutral,Neutral,Neutral,Neutral,Neutral,Neutral,Neutral,Neutral,Neutral,Neutral,Neutral,Neutral,Yes,Neutral,Neutral,Yes,Neutral,Neutral,Both,
4/6/2026 16:28:40,4,5,3,3,4,4,3,3,3,5,4,3,3,3,4,5,5,3,5,3,2,Full,Full,Half,Half,Full,Half,Half,Skipped,Half,Full,Full,Skipped,Half,Skipped,Full,Full,Full,Skipped,Full,Half,Skipped,Yes,Yes,Neutral,Neutral,Yes,Neutral,Yes,Neutral,Neutral,Yes,Yes,Neutral,Neutral,Neutral,Yes,Yes,Yes,Neutral,Yes,Neutral,Neutral,Both,
4/6/2026 16:28:47,1,1,3,3,1,1,1,3,3,1,1,3,3,3,3,1,1,1,1,3,3,Skipped,Skipped,Skipped,Skipped,Skipped,Skipped,Skipped,Skipped,Skipped,Skipped,Skipped,Half,Half,Skipped,Skipped,Skipped,Skipped,Skipped,Skipped,Skipped,Skipped,No,No,No,No,No,No,No,Neutral,No,No,No,No,No,No,No,No,No,No,No,No,No,Outside,"Add hotel Taj menu in our mess and cost is taken by clg is 0 , if is it possible than balle balle 🫠🫠"
4/6/2026 16:28:49,1,1,1,1,1,1,1,1,1,1,1,1,1,1,1,1,1,1,1,1,1,Half,Half,Skipped,Skipped,Half,Skipped,Half,Half,Half,Skipped,Half,Skipped,Half,Skipped,Skipped,Half,Half,Skipped,Half,Half,Half,No,No,No,No,No,No,No,No,No,No,No,No,No,No,No,No,No,No,No,No,No,Both,
4/6/2026 16:28:53,3,1,3,2,1,4,2,1,1,3,2,2,2,3,1,4,2,2,3,2,1,Skipped,Skipped,Skipped,Skipped,Skipped,Skipped,Skipped,Skipped,Skipped,Skipped,Skipped,Skipped,Skipped,Skipped,Skipped,Skipped,Skipped,Skipped,Skipped,Skipped,Skipped,No,No,No,No,No,No,No,No,No,No,No,No,No,No,No,No,No,No,No,No,No,Mess,Ye form bhejna band karo!!🙏🏻
4/6/2026 16:28:53,2,3,3,3,4,3,2,5,5,5,2,2,1,3,4,5,5,5,5,5,5,Half,Full,Half,Full,Full,Half,Skipped,Full,Full,Full,Skipped,Skipped,Skipped,Skipped,Half,Full,Full,Full,Full,Full,Full,Neutral,Neutral,Neutral,Neutral,Neutral,No,No,Yes,Yes,Yes,No,No,Yes,Yes,Yes,Yes,Yes,Yes,Yes,Yes,Yes,Mess,
4/6/2026 16:28:53,4,1,2,2,4,3,4,2,4,4,3,1,1,2,4,4,4,2,4,2,4,Full,Skipped,Skipped,Half,Full,Full,Full,Skipped,Full,Full,Full,Skipped,Skipped,Skipped,Full,Full,Full,Skipped,Full,Skipped,Full,Yes,No,No,Neutral,Neutral,Neutral,Yes,Neutral,Yes,Yes,Yes,No,No,No,Yes,Yes,Yes,Yes,Yes,No,Yes,Both,Chicken twice a week
4/6/2026 16:29:15,3,3,3,1,2,1,2,2,2,3,2,1,2,3,3,3,3,1,3,2,2,Full,Full,Full,Skipped,Half,Skipped,Full,Full,Half,Full,Half,Skipped,Half,Full,Full,Full,Full,Half,Full,Skipped,Half,Yes,Yes,Yes,No,Neutral,No,Neutral,Neutral,Neutral,Yes,Neutral,No,Neutral,Yes,Yes,Yes,Yes,Neutral,Yes,No,Neutral,Outside,
4/6/2026 16:29:16,5,5,1,3,3,5,5,5,1,1,3,1,1,3,5,5,5,4,5,1,1,Full,Full,Skipped,Half,Half,Half,Full,Full,Half,Skipped,Half,Half,Skipped,Half,Full,Full,Full,Skipped,Full,Skipped,Skipped,Yes,Yes,No,Neutral,Neutral,Neutral,Yes,Yes,No,No,Neutral,No,No,Neutral,Neutral,Yes,Yes,Neutral,Yes,No,No,Both,
4/6/2026 16:29:21,1,3,1,4,4,1,1,1,5,5,5,2,1,3,5,5,4,1,5,1,5,Skipped,Full,Half,Full,Full,Half,Skipped,Skipped,Full,Full,Full,Half,Skipped,Half,Full,Full,Half,Skipped,Full,Half,Full,No,Yes,No,Yes,Yes,Neutral,No,No,Yes,Yes,Yes,Neutral,No,Neutral,Yes,Yes,Neutral,No,Yes,Neutral,Yes,Mess,
4/6/2026 16:29:21,4,3,3,1,3,2,4,1,3,3,4,1,2,3,4,3,2,2,4,3,3,Full,Full,Full,Skipped,Full,Skipped,Full,Half,Half,Skipped,Full,Skipped,Half,Half,Half,Full,Half,Half,Full,Half,Half,Yes,Neutral,Neutral,No,Neutral,Neutral,Yes,No,Yes,Neutral,Yes,No,No,Neutral,Yes,Neutral,No,Neutral,Yes,Neutral,Neutral,Mess,
4/6/2026 16:29:29,5,1,1,4,3,1,5,1,5,5,5,5,1,1,5,5,4,1,5,3,5,Full,Skipped,Skipped,Full,Full,Skipped,Full,Skipped,Full,Full,Full,Full,Skipped,Skipped,Full,Full,Full,Skipped,Full,Full,Full,Yes,No,No,Yes,Yes,No,Yes,No,Yes,Yes,Yes,Yes,No,No,Yes,Yes,Yes,No,Yes,Yes,Yes,Mess,
4/6/2026 16:29:55,4,5,1,5,3,4,4,5,3,4,4,1,2,5,3,4,3,3,4,4,3,Full,Full,Skipped,Full,Half,Full,Full,Full,Half,Full,Full,Skipped,Skipped,Full,Half,Half,Half,Half,Full,Full,Half,Yes,Yes,No,Yes,Neutral,Neutral,Yes,Yes,Neutral,Yes,Yes,No,No,Yes,Neutral,Neutral,Neutral,Neutral,Yes,Yes,Neutral,Both,Remove arhar daal at all😭😭
4/6/2026 16:30:11,2,3,3,5,3,2,2,3,4,4,2,2,4,3,5,5,2,4,4,2,4,Half,Half,Half,Full,Half,Skipped,Half,Full,Full,Full,Skipped,Skipped,Full,Half,Full,Full,Half,Full,Full,Skipped,Full,Neutral,Neutral,Neutral,Yes,Neutral,No,Neutral,Yes,Yes,Yes,No,No,Yes,Neutral,Yes,Yes,Neutral,Yes,Yes,No,Yes,Mess,
4/6/2026 16:30:15,1,1,1,5,5,1,1,5,5,1,5,1,5,1,5,5,5,5,5,5,5,Skipped,Half,Half,Full,Full,Half,Skipped,Half,Full,Skipped,Half,Half,Full,Half,Full,Full,Full,Half,Full,Full,Full,No,No,Yes,Yes,Yes,Neutral,No,No,Yes,No,Neutral,Neutral,Yes,Neutral,Yes,Yes,Yes,Yes,Yes,Yes,Yes,Mess,Please remove Paratha and idli sambhar from mess 
4/6/2026 16:30:21,2,2,2,1,2,2,1,2,2,1,2,1,2,1,2,3,2,2,3,2,3,Skipped,Full,Half,Skipped,Full,Half,Skipped,Half,Full,Skipped,Half,Half,Skipped,Half,Full,Full,Skipped,Half,Full,Skipped,Full,Neutral,Neutral,Neutral,Neutral,Yes,No,Neutral,Neutral,Yes,Neutral,Neutral,No,Neutral,No,Yes,Yes,Neutral,Neutral,Yes,Neutral,Yes,Mess,
4/6/2026 16:30:22,5,5,2,4,1,1,5,1,1,1,2,3,1,1,1,1,3,3,5,1,1,Full,Full,Half,Full,Skipped,Half,Full,Skipped,Skipped,Skipped,Half,Skipped,Skipped,Skipped,Skipped,Skipped,Half,Half,Full,Skipped,Skipped,Yes,Yes,Neutral,Yes,No,No,Yes,No,No,No,No,No,No,Neutral,No,No,No,No,Yes,No,No,Both,Nope
4/6/2026 16:30:23,5,5,5,4,1,2,5,5,3,4,4,2,1,3,2,5,4,2,5,1,2,Full,Full,Full,Full,Skipped,Half,Full,Full,Half,Full,Full,Half,Skipped,Full,Half,Full,Full,Half,Full,Skipped,Half,Yes,Yes,Yes,Yes,No,Neutral,Yes,Yes,Neutral,Yes,Yes,Neutral,No,Yes,Neutral,Yes,Yes,Neutral,Yes,No,Neutral,Mess,
4/6/2026 16:30:39,2,3,4,4,4,4,3,4,4,4,4,5,4,4,4,3,4,2,5,2,3,Half,Full,Full,Full,Full,Full,Half,Full,Full,Full,Full,Full,Full,Full,Full,Full,Full,Full,Full,Full,Full,Neutral,Neutral,Yes,Yes,Neutral,Yes,Yes,Yes,Neutral,Yes,Yes,Yes,Yes,Neutral,Yes,Neutral,Yes,No,Yes,No,No,Mess,
4/6/2026 16:30:41,3,3,4,4,4,1,4,5,3,3,1,1,2,4,4,4,3,4,4,4,1,Full,Full,Full,Full,Full,Full,Full,Full,Full,Full,Full,Full,Full,Full,Full,Full,Full,Full,Full,Full,Full,Neutral,Neutral,Neutral,Neutral,Neutral,No,Neutral,Neutral,Neutral,Neutral,No,No,No,Neutral,Neutral,Neutral,Neutral,Neutral,Neutral,Neutral,No,Mess,Remove chilli paneer 
4/6/2026 16:30:43,3,3,1,2,4,3,2,2,2,4,3,3,1,1,2,5,3,3,1,1,1,Half,Full,Skipped,Skipped,Full,Half,Half,Half,Half,Half,Half,Half,Skipped,Skipped,Half,Half,Half,Half,Skipped,Skipped,Skipped,Neutral,Yes,No,No,Yes,Neutral,No,Neutral,Neutral,Yes,Neutral,Neutral,No,No,Neutral,Yes,Neutral,Neutral,No,No,No,Both,
4/6/2026 16:30:44,1,2,1,1,2,1,1,1,1,2,1,1,1,1,1,2,2,1,2,1,1,Skipped,Full,Skipped,Skipped,Half,Skipped,Half,Half,Half,Full,Skipped,Skipped,Half,Skipped,Skipped,Full,Half,Skipped,Full,Half,Skipped,No,Neutral,Neutral,No,No,No,No,No,No,Neutral,No,No,No,No,No,Neutral,No,No,Neutral,No,No,Both,
4/6/2026 16:30:45,2,1,1,1,2,2,2,1,2,2,2,2,2,1,2,2,2,2,2,1,1,Half,Full,Full,Full,Full,Half,Half,Full,Half,Half,Half,Half,Half,Full,Half,Full,Half,Half,Half,Full,Full,Yes,Neutral,Neutral,Neutral,Neutral,Yes,Yes,Neutral,Yes,Yes,Yes,Yes,Yes,Neutral,Yes,Yes,Yes,Yes,Yes,Neutral,Yes,Mess,No
4/6/2026 16:30:53,2,1,1,2,2,2,2,2,3,3,1,1,1,2,2,3,3,3,3,2,1,Full,Skipped,Half,Half,Skipped,Half,Skipped,Half,Skipped,Skipped,Half,Half,Skipped,Half,Half,Full,Full,Full,Full,Full,Skipped,Yes,Neutral,Neutral,Yes,Yes,Neutral,Yes,Neutral,Neutral,Yes,Neutral,No,No,Neutral,Neutral,Yes,Yes,Neutral,Yes,Yes,No,Both,On Sundays please change the panner chilli 
4/6/2026 16:31:05,2,1,3,3,2,2,2,3,3,1,3,3,1,1,3,3,3,3,3,2,3,Full,Skipped,Full,Full,Full,Half,Half,Full,Full,Skipped,Full,Full,Skipped,Skipped,Full,Full,Full,Full,Full,Full,Full,Neutral,No,Yes,Yes,Neutral,Neutral,Yes,Yes,Yes,No,Yes,Yes,No,No,Yes,Yes,Yes,Yes,Yes,Yes,Yes,Mess,
4/6/2026 16:31:08,3,3,2,1,2,2,3,3,1,2,2,1,2,1,1,1,1,3,1,1,1,Skipped,Skipped,Skipped,Half,Skipped,Skipped,Skipped,Skipped,Full,Full,Half,Half,Half,Full,Full,Full,Half,Half,Full,Half,Skipped,No,No,Neutral,Yes,No,No,No,No,Yes,Neutral,No,Yes,Neutral,Yes,Yes,Yes,Neutral,No,Yes,Yes,No,Both,Maintain protein source and hygiene
4/6/2026 16:31:12,4,4,4,4,4,4,4,1,5,3,4,4,2,1,5,5,4,3,4,3,5,Half,Half,Half,Full,Full,Half,Half,Skipped,Full,Half,Half,Half,Skipped,Skipped,Full,Full,Full,Half,Full,Half,Full,Neutral,Neutral,Neutral,Yes,Yes,Yes,Yes,No,Yes,Neutral,Neutral,Neutral,No,No,Yes,Yes,Yes,Neutral,Yes,Neutral,Yes,Both,
4/6/2026 16:31:18,2,2,3,3,2,4,4,3,4,4,4,3,3,4,4,4,3,3,3,4,4,Skipped,Skipped,Half,Skipped,Skipped,Half,Half,Full,Full,Full,Full,Half,Full,Full,Full,Full,Half,Half,Skipped,Half,Full,Neutral,No,Yes,Yes,No,Neutral,Neutral,Neutral,Yes,Yes,Yes,Neutral,Neutral,Yes,Yes,Yes,Neutral,Neutral,Neutral,Neutral,Yes,Both,
4/6/2026 16:31:24,3,3,3,3,4,3,3,3,3,3,3,3,3,3,3,3,3,3,3,3,3,Skipped,Skipped,Skipped,Skipped,Skipped,Skipped,Skipped,Skipped,Skipped,Skipped,Skipped,Skipped,Skipped,Skipped,Skipped,Skipped,Skipped,Skipped,Skipped,Skipped,Skipped,No,No,No,No,No,No,No,No,No,No,No,No,No,No,No,No,No,No,No,No,No,Mess,SANDWICH LE AAA BHAI BREAKFAST ME 
4/6/2026 16:31:25,3,3,3,2,3,2,3,2,3,1,3,2,2,2,3,3,3,2,3,1,3,Full,Full,Full,Full,Full,Full,Full,Full,Full,Full,Full,Full,Full,Full,Full,Full,Full,Full,Full,Full,Full,Yes,Neutral,Yes,Neutral,Yes,No,Yes,Neutral,Yes,No,Yes,Neutral,Neutral,Yes,Yes,Yes,Yes,Neutral,Yes,No,Yes,Mess,
4/6/2026 16:31:34,4,4,2,2,2,1,2,1,3,5,3,3,2,1,1,5,1,1,4,3,1,Full,Full,Half,Skipped,Skipped,Half,Half,Skipped,Half,Full,Half,Skipped,Skipped,Skipped,Skipped,Full,Skipped,Skipped,Full,Half,Skipped,Yes,Yes,Neutral,Neutral,Neutral,Neutral,Neutral,No,Neutral,Yes,Neutral,Neutral,No,No,No,Yes,No,No,Yes,Neutral,No,Both,
4/6/2026 16:31:38,2,2,1,1,3,1,2,1,3,3,1,1,2,2,3,3,1,1,3,2,1,Skipped,Half,Half,Skipped,Full,Skipped,Half,Skipped,Full,Full,Skipped,Skipped,Half,Half,Full,Full,Half,Skipped,Full,Half,Skipped,Neutral,Neutral,Neutral,No,Neutral,No,Neutral,No,Yes,Yes,No,No,Neutral,Neutral,Neutral,Neutral,No,No,Yes,Neutral,No,Mess,
4/6/2026 16:31:48,5,4,5,4,2,3,5,3,5,1,4,5,2,3,4,5,5,3,5,5,5,Full,Half,Full,Full,Half,Full,Full,Half,Full,Skipped,Full,Full,Half,Half,Full,Full,Full,Half,Full,Full,Full,Yes,Neutral,Yes,Yes,No,Yes,Yes,Neutral,Yes,No,Yes,Yes,Neutral,Neutral,Yes,Yes,Yes,Neutral,Yes,Yes,Yes,Mess,
4/6/2026 16:31:48,1,2,1,1,2,2,2,2,2,2,1,2,2,2,2,2,2,2,2,2,2,Skipped,Half,Full,Half,Skipped,Half,Full,Skipped,Full,Half,Half,Half,Half,Skipped,Half,Half,Half,Half,Half,Skipped,Half,Neutral,No,Neutral,Neutral,Neutral,Neutral,No,Neutral,Yes,Neutral,Neutral,No,Yes,Yes,Neutral,No,Neutral,Neutral,Yes,Neutral,Neutral,Both,Devang ki mkc
4/6/2026 16:32:00,1,1,1,1,1,1,1,1,1,1,1,1,1,1,1,1,1,1,1,1,1,Half,Half,Skipped,Skipped,Skipped,Skipped,Skipped,Half,Half,Half,Full,Half,Half,Full,Half,Full,Skipped,Half,Full,Skipped,Skipped,No,No,No,No,No,No,No,No,No,No,No,No,No,No,No,No,No,No,No,No,No,Outside,
4/6/2026 16:32:14,2,1,1,1,3,1,2,2,3,2,2,1,1,2,2,2,2,2,3,2,3,Full,Skipped,Skipped,Skipped,Full,Skipped,Full,Half,Full,Full,Half,Skipped,Skipped,Half,Full,Full,Half,Half,Full,Half,Full,Yes,No,No,No,Neutral,No,Neutral,Neutral,Yes,Yes,Neutral,No,No,No,Neutral,Yes,Neutral,Neutral,Neutral,Neutral,Yes,Outside,
4/6/2026 16:32:25,1,5,5,2,2,5,1,1,2,4,2,2,4,5,5,5,5,5,5,5,5,Skipped,Full,Full,Half,Skipped,Full,Skipped,Half,Full,Full,Half,Half,Full,Full,Full,Full,Full,Full,Full,Full,Full,No,Yes,Yes,Neutral,No,Yes,No,No,Yes,Yes,Neutral,Neutral,Yes,Yes,Yes,Yes,Yes,Yes,Yes,Yes,Yes,Mess,
4/6/2026 16:32:42,5,5,5,3,5,4,5,3,5,1,4,3,4,1,5,3,5,5,5,1,5,Full,Full,Full,Full,Full,Full,Full,Full,Full,Half,Full,Half,Full,Skipped,Full,Full,Full,Full,Full,Skipped,Full,Yes,Yes,Yes,Yes,Yes,Neutral,Yes,Neutral,Yes,No,Neutral,No,Yes,No,Yes,Yes,Yes,Yes,Yes,No,Yes,Both,Boiled egg should be made available in the dinner 
4/6/2026 16:32:43,4,4,4,3,3,2,4,2,3,2,3,1,3,1,4,4,4,4,5,2,1,Full,Full,Full,Full,Full,Skipped,Full,Skipped,Half,Skipped,Half,Skipped,Full,Half,Full,Full,Full,Full,Full,Half,Half,Yes,Yes,Yes,Yes,Neutral,No,Yes,No,Neutral,No,Yes,No,Neutral,No,Yes,Yes,Yes,Yes,Yes,Neutral,No,Mess,Please add namkeen lassi also in extra at lunch time
4/6/2026 16:32:52,1,1,1,1,2,1,1,1,2,1,1,1,1,1,2,1,2,1,2,1,3,Skipped,Full,Full,Full,Full,Skipped,Skipped,Half,Full,Skipped,Skipped,Skipped,Skipped,Full,Full,Skipped,Half,Skipped,Full,Full,Full,No,No,No,No,No,No,No,No,No,No,No,No,No,No,No,No,No,No,No,No,No,Both,
4/6/2026 16:32:57,3,3,1,1,3,3,3,2,3,3,3,1,3,1,3,3,2,3,3,3,3,Full,Full,Skipped,Skipped,Full,Full,Full,Half,Full,Full,Full,Skipped,Full,Skipped,Full,Full,Half,Full,Full,Full,Full,Yes,Yes,No,No,Yes,Yes,Yes,Neutral,Yes,Yes,Yes,No,Yes,No,Yes,Yes,Neutral,Yes,Yes,Yes,Yes,Both,
4/6/2026 16:33:01,2,2,4,1,4,4,2,1,3,5,1,5,4,5,4,5,5,3,5,4,1,Half,Half,Half,Skipped,Full,Full,Half,Half,Full,Full,Skipped,Full,Full,Full,Full,Full,Full,Full,Full,Full,Skipped,Neutral,Neutral,Neutral,No,Yes,Yes,Neutral,No,No,Yes,No,Yes,Yes,Yes,Yes,Yes,Yes,Yes,Yes,Yes,No,Mess,Roti not good. Add mushroom 
4/6/2026 16:33:05,3,3,3,5,3,2,3,2,3,4,3,3,1,2,2,3,3,3,3,1,3,Full,Half,Half,Full,Skipped,Half,Full,Skipped,Half,Full,Half,Half,Half,Half,Full,Full,Half,Half,Full,Half,Full,Neutral,Neutral,Neutral,Yes,Neutral,Neutral,Yes,No,Neutral,Yes,Neutral,Neutral,No,Neutral,Neutral,Yes,Yes,Yes,Neutral,No,No,Mess,Try to provide  boiled eggs  at the night and increase the boiled eggs in the morning 
4/6/2026 16:33:09,4,4,3,4,4,3,4,4,3,3,3,3,2,3,3,4,3,3,4,3,4,Half,Full,Half,Skipped,Half,Skipped,Half,Full,Half,Half,Skipped,Skipped,Half,Half,Half,Half,Skipped,Skipped,Full,Half,Full,Neutral,Yes,Neutral,Neutral,Yes,No,Yes,Yes,Yes,Neutral,Neutral,Neutral,No,Neutral,Yes,Yes,Neutral,Neutral,Yes,Neutral,Yes,Both,
4/6/2026 16:33:11,1,3,3,3,3,2,2,1,2,3,1,1,1,1,1,3,1,1,1,1,3,Half,Full,Skipped,Full,Full,Half,Half,Skipped,Full,Full,Skipped,Skipped,Skipped,Skipped,Half,Half,Skipped,Half,Half,Skipped,Half,Neutral,Yes,No,Neutral,Neutral,No,No,No,Yes,Neutral,No,No,Neutral,No,No,Yes,No,No,Neutral,No,Yes,Both,
4/6/2026 16:33:16,1,2,1,2,2,1,2,3,2,4,1,1,3,2,3,4,3,1,4,3,1,Half,Half,Half,Skipped,Half,Skipped,Half,Half,Half,Full,Skipped,Skipped,Full,Half,Full,Full,Full,Half,Full,Half,Skipped,Neutral,Neutral,Neutral,Neutral,Neutral,No,Neutral,Neutral,Neutral,Yes,No,No,Yes,Neutral,Yes,Yes,Yes,Neutral,Yes,Neutral,No,Both,Roti quality is very bad. It is usually not fully cooked.We don't want like home as they cannot make but they can cook fully. 
4/6/2026 16:33:25,3,2,2,2,2,3,2,1,3,2,3,1,1,2,3,3,2,3,2,1,2,Skipped,Half,Full,Half,Skipped,Half,Full,Half,Skipped,Half,Full,Half,Skipped,Half,Full,Half,Skipped,Half,Full,Half,Skipped,Neutral,Yes,Neutral,No,Neutral,Yes,Neutral,No,Neutral,Yes,Neutral,No,Neutral,Yes,Neutral,No,Neutral,Yes,Yes,Neutral,No,Mess,
4/6/2026 16:33:27,3,5,1,1,5,1,3,3,4,5,2,2,3,4,3,2,5,1,5,1,4,Half,Full,Skipped,Skipped,Full,Skipped,Half,Half,Full,Half,Skipped,Skipped,Full,Full,Full,Half,Full,Skipped,Full,Skipped,Full,No,Yes,No,No,Yes,No,Yes,No,Yes,Yes,No,No,Yes,Yes,Yes,Yes,Yes,No,Yes,No,Yes,Mess,
4/6/2026 16:33:37,3,2,2,3,2,1,3,1,1,2,2,1,2,1,1,3,2,3,3,3,3,Full,Half,Skipped,Full,Full,Half,Full,Skipped,Half,Full,Half,Skipped,Half,Skipped,Skipped,Full,Skipped,Full,Full,Full,Full,Yes,Neutral,No,Yes,Neutral,No,Yes,No,Neutral,Yes,Neutral,No,Neutral,No,No,Yes,Neutral,Yes,Yes,Yes,Yes,Mess,
4/6/2026 16:33:39,3,5,2,2,4,2,3,1,5,5,1,1,4,1,5,5,5,4,5,1,5,Half,Full,Skipped,Skipped,Full,Skipped,Half,Skipped,Full,Full,Skipped,Half,Full,Half,Full,Full,Full,Full,Full,Half,Full,Neutral,Yes,No,No,Yes,No,Neutral,No,Yes,Yes,No,Neutral,Yes,Neutral,Neutral,Yes,Neutral,Yes,Yes,Neutral,Yes,Mess,Cook rice perfectly
4/6/2026 16:33:47,1,1,2,2,1,3,1,2,2,2,1,2,2,2,2,3,3,3,3,2,3,Half,Skipped,Half,Skipped,Half,Skipped,Half,Full,Full,Full,Skipped,Half,Half,Half,Half,Full,Full,Full,Full,Half,Full,No,No,Neutral,Neutral,Neutral,Neutral,No,Neutral,Yes,Yes,Neutral,Yes,Neutral,Neutral,Neutral,Yes,Yes,Yes,Yes,Neutral,Yes,Mess,
4/6/2026 16:34:37,5,5,2,2,5,5,5,5,5,2,5,2,1,1,1,5,5,1,5,5,4,Full,Full,Half,Half,Full,Full,Full,Full,Full,Full,Full,Full,Half,Skipped,Skipped,Full,Full,Skipped,Half,Full,Half,Yes,Yes,Neutral,Neutral,Yes,Neutral,Yes,Yes,Yes,Yes,Yes,Yes,No,No,No,Yes,Yes,No,Yes,Yes,Neutral,Mess,Improve quality of paneer.
4/6/2026 16:35:08,1,1,1,2,2,1,1,2,3,3,1,2,1,1,2,5,1,3,3,3,3,Full,Full,Full,Full,Full,Full,Full,Full,Full,Full,Full,Full,Full,Full,Full,Full,Full,Full,Full,Full,Full,Neutral,Neutral,Neutral,Neutral,Neutral,Neutral,Neutral,Neutral,Neutral,Neutral,Neutral,Neutral,Neutral,Neutral,Neutral,Neutral,Neutral,Neutral,Neutral,Neutral,Neutral,Mess,Improve quality of chana
4/6/2026 16:35:09,3,2,1,3,2,1,3,1,3,3,2,1,2,1,1,3,1,3,3,3,3,Full,Half,Skipped,Full,Full,Skipped,Full,Skipped,Full,Full,Half,Skipped,Half,Skipped,Skipped,Full,Half,Full,Full,Full,Full,Yes,Neutral,No,Yes,Neutral,No,Yes,No,Yes,Yes,Neutral,No,Neutral,No,No,Yes,Neutral,Yes,Yes,Yes,Yes,Mess,
4/6/2026 16:35:22,3,2,4,5,5,3,3,4,5,5,4,3,2,2,4,5,5,4,5,1,4,Full,Half,Full,Full,Full,Skipped,Full,Full,Full,Full,Half,Skipped,Half,Half,Half,Full,Full,Half,Full,Skipped,Full,Yes,No,Yes,Yes,Yes,No,Yes,Yes,Yes,Yes,Neutral,No,Neutral,Neutral,Yes,Yes,Yes,Neutral,Yes,No,Yes,Both,
4/6/2026 16:35:28,5,4,2,2,5,3,5,5,5,1,2,2,2,2,5,5,5,2,5,5,5,Full,Half,Skipped,Skipped,Full,Half,Full,Full,Full,Skipped,Skipped,Half,Skipped,Skipped,Full,Full,Full,Half,Full,Full,Full,Yes,Neutral,Neutral,No,Yes,No,Yes,Yes,Yes,No,No,No,Neutral,No,Yes,Yes,Neutral,No,Yes,Yes,Yes,Mess,
4/6/2026 16:35:30,1,1,1,3,3,1,2,3,3,3,2,3,3,3,3,3,3,3,3,2,1,Skipped,Skipped,Skipped,Full,Full,Skipped,Half,Full,Full,Full,Half,Full,Full,Full,Full,Full,Full,Full,Full,Half,Skipped,No,No,No,Yes,Yes,No,Neutral,Yes,Yes,Yes,Neutral,Neutral,Yes,Yes,Yes,Yes,Yes,Yes,Yes,No,No,Outside,
4/6/2026 16:35:38,4,3,4,4,3,1,4,4,5,2,2,1,1,1,2,3,1,4,3,1,1,Full,Half,Full,Full,Full,Skipped,Full,Full,Full,Half,Half,Skipped,Skipped,Skipped,Full,Half,Skipped,Full,Full,Skipped,Half,Yes,Yes,Yes,Yes,Yes,Yes,Yes,Yes,Yes,Yes,Neutral,No,No,No,Yes,Neutral,No,Yes,Yes,No,No,Both,
4/6/2026 16:36:00,2,4,2,1,5,3,2,3,3,4,1,3,1,4,1,5,5,1,4,3,1,Skipped,Full,Full,Skipped,Full,Half,Skipped,Half,Half,Full,Half,Half,Skipped,Full,Skipped,Full,Full,Skipped,Full,Full,Skipped,No,Yes,Yes,No,Yes,Neutral,Neutral,Neutral,No,Yes,No,Neutral,No,Yes,No,Yes,Yes,Neutral,Yes,Yes,No,Both,
4/6/2026 16:36:00,2,1,2,1,2,2,2,3,2,3,1,1,1,2,2,3,3,2,3,1,1,Full,Half,Full,Full,Full,Half,Full,Full,Full,Full,Skipped,Skipped,Skipped,Full,Full,Full,Full,Full,Full,Skipped,Skipped,Yes,Neutral,Neutral,Neutral,Yes,Neutral,Yes,Yes,Yes,Yes,No,No,No,Neutral,Neutral,Yes,Yes,Neutral,Yes,No,No,Both,Add aloo bhujiya and chole Puri 
4/6/2026 16:36:05,3,3,3,3,3,3,3,3,3,3,3,3,3,3,3,3,3,3,3,3,3,Half,Half,Skipped,Skipped,Half,Skipped,Full,Skipped,Skipped,Skipped,Skipped,Skipped,Half,Full,Half,Skipped,Skipped,Half,Half,Half,Half,Neutral,No,Neutral,No,Yes,Neutral,Yes,Neutral,Neutral,No,Yes,Neutral,No,Yes,Neutral,Neutral,No,No,Neutral,No,No,Mess,Add namkeen and lassi 
4/6/2026 16:37:59,4,4,4,2,3,3,3,4,2,3,3,2,3,4,2,4,4,4,4,3,2,Full,Full,Full,Skipped,Full,Full,Full,Full,Skipped,Full,Full,Half,Half,Full,Half,Full,Full,Full,Full,Full,Skipped,Yes,Yes,Yes,Neutral,Neutral,Yes,Yes,Yes,No,Yes,Yes,No,Neutral,Yes,No,Yes,Yes,Yes,Yes,Yes,No,Both,
4/6/2026 16:38:05,4,5,4,5,3,5,4,4,3,4,5,4,2,4,3,3,1,2,3,2,1,Half,Full,Skipped,Full,Skipped,Full,Skipped,Skipped,Skipped,Full,Full,Skipped,Skipped,Skipped,Skipped,Full,Skipped,Skipped,Full,Skipped,Skipped,Neutral,Yes,Neutral,Yes,Neutral,Yes,Neutral,Neutral,No,Yes,Yes,Neutral,No,Neutral,No,Neutral,Neutral,Neutral,Neutral,No,No,Both,
4/6/2026 16:38:06,5,5,1,3,5,5,4,5,5,1,5,3,2,4,5,5,3,4,5,5,5,Full,Full,Skipped,Full,Full,Full,Full,Full,Full,Full,Full,Full,Full,Full,Full,Full,Half,Full,Full,Full,Full,Yes,Yes,No,Yes,Yes,Yes,Yes,Yes,Yes,Yes,Yes,Yes,No,Neutral,Yes,Yes,Neutral,Yes,Yes,Yes,Yes,Mess,Bring back poori
4/6/2026 16:38:10,3,1,2,2,2,1,2,1,1,1,1,1,1,1,2,3,2,1,3,2,1,Full,Skipped,Half,Half,Half,Skipped,Half,Skipped,Skipped,Skipped,Skipped,Half,Skipped,Skipped,Half,Full,Half,Skipped,Full,Half,Skipped,Yes,No,Neutral,Neutral,Neutral,No,Neutral,No,No,No,No,Neutral,Neutral,No,Neutral,Yes,Neutral,No,Yes,Neutral,No,Both,Kindly add namkeen lassi in menu 
4/6/2026 16:38:13,4,5,1,4,5,2,4,1,3,1,1,1,1,5,5,5,3,3,5,1,5,Full,Full,Skipped,Full,Full,Half,Half,Skipped,Full,Skipped,Skipped,Half,Skipped,Full,Full,Full,Skipped,Half,Full,Skipped,Full,Yes,Yes,No,Yes,Yes,No,Neutral,No,Yes,No,No,No,No,Yes,Yes,Yes,No,No,Yes,No,Yes,Both,Meal shouldn't be counted if someone did not eat in that particular time!!
4/6/2026 16:38:21,3,3,2,2,3,2,3,2,3,1,2,3,1,2,2,3,3,1,3,1,1,Half,Full,Skipped,Half,Half,Half,Full,Half,Full,Skipped,Half,Full,Skipped,Full,Full,Full,Full,Half,Full,Half,Skipped,Yes,Yes,Neutral,Yes,Yes,Neutral,Yes,Neutral,Yes,No,Yes,Yes,No,Yes,Yes,Yes,Neutral,Neutral,Yes,Yes,No,Both,Tel kam use karo
4/6/2026 16:38:24,2,2,2,1,1,1,2,1,1,1,2,2,2,2,1,2,2,2,2,1,1,Half,Half,Half,Skipped,Skipped,Half,Half,Half,Skipped,Skipped,Half,Half,Half,Half,Skipped,Half,Half,Half,Half,Skipped,Skipped,Neutral,Neutral,Neutral,Neutral,Neutral,Neutral,Neutral,Neutral,No,No,Neutral,Neutral,Neutral,Neutral,No,Neutral,Neutral,Neutral,Neutral,Neutral,No,Mess,Add Namkin lassi in menu
4/6/2026 16:38:32,5,5,1,1,5,3,2,2,5,4,4,2,1,2,3,5,5,1,5,2,5,Full,Full,Skipped,Skipped,Full,Skipped,Skipped,Half,Full,Half,Full,Half,Skipped,Skipped,Full,Full,Full,Half,Full,Half,Full,Yes,Yes,No,Neutral,Yes,Neutral,No,Neutral,Yes,Neutral,Yes,Neutral,No,No,Yes,Yes,Yes,No,Yes,Neutral,Yes,Both,
4/6/2026 16:38:50,1,1,1,1,1,1,1,1,2,1,1,1,1,1,1,1,1,1,1,1,2,Skipped,Skipped,Skipped,Skipped,Skipped,Skipped,Skipped,Skipped,Half,Skipped,Skipped,Skipped,Skipped,Skipped,Half,Skipped,Skipped,Skipped,Skipped,Skipped,Half,No,No,No,No,No,No,No,No,Neutral,No,No,No,No,No,Neutral,No,No,No,No,No,Neutral,Outside,
4/6/2026 16:39:00,2,2,2,1,2,2,3,1,2,1,1,1,1,1,3,3,1,1,2,1,3,Full,Full,Half,Skipped,Half,Skipped,Half,Half,Full,Half,Half,Skipped,Half,Half,Full,Full,Skipped,Half,Full,Half,Full,Yes,Yes,No,No,Neutral,Neutral,Neutral,Neutral,Yes,No,Yes,No,Neutral,No,Yes,Yes,No,Neutral,Neutral,Neutral,Yes,Both,
4/6/2026 16:39:12,2,3,3,2,3,1,3,3,1,2,1,1,3,3,1,3,3,3,3,3,1,Full,Full,Full,Full,Full,Half,Full,Full,Full,Full,Skipped,Skipped,Full,Full,Full,Full,Full,Full,Full,Full,Full,Yes,Yes,Yes,Yes,Yes,No,Yes,Yes,No,Yes,No,No,Yes,Yes,Yes,Yes,Yes,Yes,No,Yes,No,Mess,
4/6/2026 16:39:15,5,5,3,4,2,1,5,3,4,1,5,3,5,4,4,5,2,4,5,3,2,Full,Full,Full,Full,Half,Skipped,Full,Half,Full,Half,Full,Skipped,Full,Full,Full,Full,Half,Full,Full,Full,Half,Yes,Yes,Yes,Yes,No,No,Yes,Neutral,No,No,Yes,No,Yes,Yes,Yes,Yes,Neutral,Yes,Yes,Neutral,Neutral,Mess,Please make good chutney and sambhar or just remove idli vada🙏🙏🙏
4/6/2026 16:39:40,2,4,3,2,2,3,2,4,2,2,2,3,2,1,3,3,4,2,4,3,2,Full,Full,Full,Half,Half,Half,Half,Full,Skipped,Half,Skipped,Full,Half,Skipped,Full,Full,Full,Half,Full,Half,Skipped,Yes,Yes,No,Neutral,Neutral,Neutral,Neutral,Yes,Neutral,Neutral,Neutral,Neutral,Neutral,No,Yes,Neutral,Neutral,Neutral,Yes,Neutral,Neutral,Mess,
4/6/2026 16:40:09,4,4,1,1,4,1,4,1,4,1,4,4,4,1,4,4,1,4,4,1,4,Skipped,Full,Half,Skipped,Full,Half,Half,Skipped,Full,Skipped,Full,Half,Half,Skipped,Full,Full,Half,Half,Half,Half,Full,Neutral,Yes,No,No,Yes,No,Neutral,No,Yes,No,Neutral,Neutral,Neutral,No,Yes,Yes,Neutral,Neutral,Neutral,No,Yes,Both,
4/6/2026 16:40:13,4,4,3,3,4,2,2,3,4,4,3,1,2,2,2,4,4,2,4,1,2,Full,Full,Full,Full,Full,Skipped,Half,Full,Full,Full,Half,Skipped,Half,Half,Half,Full,Full,Half,Full,Skipped,Half,Yes,Yes,Yes,Yes,Yes,No,Neutral,Yes,Yes,Yes,Neutral,No,Yes,Neutral,Neutral,Yes,Yes,No,Yes,No,Neutral,Both,
4/6/2026 16:40:25,1,2,1,2,1,1,1,2,1,3,1,1,1,1,3,3,3,3,3,1,3,Skipped,Half,Skipped,Skipped,Skipped,Skipped,Skipped,Full,Skipped,Full,Skipped,Skipped,Skipped,Skipped,Full,Full,Full,Full,Full,Skipped,Skipped,No,Yes,No,No,Neutral,No,No,Neutral,No,Yes,No,No,No,No,Yes,Yes,Neutral,Neutral,Yes,No,No,Outside,Bring back egg bhurji or Omelette either one atleast. It's impossible to eat mess food.
4/6/2026 16:40:29,3,3,1,2,2,2,3,2,1,2,3,2,2,1,1,3,3,3,3,2,1,Full,Full,Half,Full,Full,Full,Full,Half,Skipped,Half,Full,Half,Half,Half,Skipped,Full,Full,Full,Full,Half,Skipped,Yes,Yes,Neutral,Neutral,Neutral,Yes,Yes,Neutral,Yes,Neutral,Neutral,Neutral,Neutral,Neutral,No,Yes,Yes,Yes,Yes,Neutral,Yes,Mess,"All things are ok if you arrange chutney by pudina , green chillies and mix with tomato with some veggies then will be fine for the meal"
4/6/2026 16:40:51,3,3,3,3,2,2,3,3,1,2,2,1,2,2,3,3,3,3,3,2,1,Full,Full,Half,Full,Full,Half,Full,Full,Full,Full,Half,Skipped,Skipped,Half,Full,Full,Full,Full,Full,Half,Half,Yes,Yes,Yes,Yes,No,Yes,Yes,Yes,No,Yes,Neutral,No,No,Yes,Yes,Yes,Yes,Yes,Yes,Neutral,No,Mess,"1 Meals could be more spicy 
2 hand-made roti would be good 
3 One more bread toaster is required every time it has waiting line of 3-4 students."
4/6/2026 16:40:58,3,2,1,1,3,1,3,1,3,3,2,2,3,1,4,4,2,1,3,3,4,Full,Half,Half,Skipped,Half,Skipped,Full,Skipped,Full,Full,Skipped,Skipped,Full,Skipped,Full,Full,Skipped,Skipped,Full,Full,Full,Yes,Yes,Neutral,Neutral,Neutral,Neutral,Yes,Neutral,Yes,Yes,Neutral,Neutral,Yes,Neutral,Yes,Yes,Neutral,Neutral,Yes,Neutral,Yes,Mess,Food isn’t that edible 
4/6/2026 16:41:18,4,5,1,2,2,3,1,1,2,5,4,4,1,3,5,5,3,2,3,1,2,Full,Half,Skipped,Half,Half,Half,Skipped,Skipped,Skipped,Full,Full,Half,Skipped,Half,Full,Full,Skipped,Skipped,Full,Skipped,Skipped,Yes,Yes,No,Neutral,No,No,No,No,No,Yes,Yes,Neutral,No,Neutral,Yes,Yes,Neutral,Neutral,Neutral,No,No,Both,Teach mess workers some decency to talk and increase morning breakfast to 9.30(this is very needed). 
4/6/2026 16:41:20,3,2,3,3,3,2,2,2,2,3,3,1,1,1,1,3,2,1,1,1,1,Full,Skipped,Half,Full,Full,Skipped,Full,Skipped,Skipped,Full,Full,Skipped,Skipped,Skipped,Skipped,Full,Skipped,Full,Skipped,Skipped,Half,Neutral,No,No,Neutral,Neutral,No,Neutral,No,No,Neutral,Neutral,No,No,No,Neutral,Yes,Neutral,Neutral,No,No,No,Both,"Please check and change the mess menu especially remove black chana, aloo nutri"
4/6/2026 16:41:58,2,1,1,1,2,1,2,1,2,2,1,1,2,1,1,3,2,2,3,2,2,Skipped,Half,Skipped,Skipped,Half,Skipped,Half,Skipped,Full,Full,Half,Half,Full,Skipped,Skipped,Full,Half,Full,Full,Half,Full,Neutral,Neutral,No,No,Neutral,No,Neutral,No,Yes,Yes,Neutral,No,Yes,No,No,Yes,Neutral,Neutral,Yes,Neutral,Yes,Both,
4/6/2026 16:42:30,1,4,3,3,3,3,1,3,3,5,1,3,1,4,4,5,4,3,2,3,3,Skipped,Full,Half,Full,Skipped,Half,Skipped,Half,Half,Full,Skipped,Half,Skipped,Half,Half,Full,Full,Full,Half,Full,Half,No,Yes,Yes,Yes,Neutral,Neutral,No,Neutral,Neutral,Yes,No,Yes,No,Yes,Neutral,Yes,Yes,Yes,Neutral,Neutral,Neutral,Both,
4/6/2026 16:42:34,2,1,1,1,1,2,1,1,2,3,1,2,1,1,2,3,1,1,3,1,1,Half,Skipped,Skipped,Skipped,Half,Skipped,Skipped,Skipped,Half,Full,Half,Full,Skipped,Half,Full,Full,Skipped,Skipped,Full,Skipped,Skipped,No,No,No,No,No,No,Neutral,No,Neutral,Yes,Neutral,Neutral,No,No,Neutral,Yes,No,No,Yes,No,No,Both,
4/6/2026 16:42:54,1,1,1,1,1,1,1,1,5,1,1,1,1,1,1,5,1,1,1,1,1,Half,Half,Half,Half,Half,Half,Half,Half,Half,Skipped,Skipped,Skipped,Half,Half,Half,Skipped,Full,Half,Half,Half,Half,No,No,No,No,No,No,No,No,Yes,No,No,No,No,No,No,Yes,No,No,No,No,Yes,Mess,Please include negative rating
4/6/2026 16:43:06,5,5,2,5,5,4,5,5,5,5,4,3,3,1,1,5,4,4,5,3,5,Full,Full,Skipped,Full,Full,Half,Full,Full,Full,Full,Full,Skipped,Half,Skipped,Skipped,Full,Half,Full,Full,Half,Full,Yes,Yes,Neutral,Yes,Yes,Neutral,Yes,Yes,Yes,Yes,Yes,No,Neutral,No,No,Yes,Neutral,Yes,Yes,Neutral,Yes,Both,Hey Please remove black chana and Paneer Burji.
4/6/2026 16:43:06,4,4,4,2,4,1,4,1,4,3,1,2,2,3,4,3,4,1,3,1,3,Full,Full,Half,Skipped,Full,Skipped,Full,Skipped,Full,Half,Skipped,Half,Half,Half,Half,Full,Full,Skipped,Full,Skipped,Half,Neutral,Neutral,Neutral,Neutral,Neutral,No,Neutral,No,Neutral,Neutral,No,No,Neutral,Neutral,Neutral,No,Neutral,No,Neutral,No,Neutral,Outside,"Please improve the quality of dal and time gap between lunch and dinner is too much , please put snack back if there is problem lpg please consider options like banana milk packed food so students dont face this issue hunger issue"
4/6/2026 16:43:27,1,2,2,3,1,2,1,3,3,3,1,1,2,2,2,3,2,2,3,3,2,Skipped,Full,Skipped,Full,Skipped,Skipped,Full,Full,Full,Full,Skipped,Skipped,Full,Half,Half,Full,Full,Half,Full,Full,Half,Neutral,Yes,No,Yes,No,Neutral,Neutral,Yes,Yes,Yes,No,No,Yes,Neutral,Neutral,Yes,Yes,Neutral,Yes,Yes,Neutral,Both,
4/6/2026 16:43:33,3,4,1,1,3,2,3,2,4,3,3,1,1,1,3,4,3,3,4,3,4,Full,Full,Skipped,Skipped,Full,Skipped,Full,Full,Full,Full,Half,Half,Full,Skipped,Full,Full,Full,Full,Full,Half,Full,Yes,Yes,No,No,Yes,Neutral,Yes,Neutral,Yes,Yes,Neutral,No,Yes,No,Yes,Yes,Yes,Neutral,Yes,Yes,Yes,Mess,
4/6/2026 16:44:34,5,1,5,5,5,2,1,2,2,5,1,1,5,5,2,5,5,3,5,2,1,Full,Half,Half,Full,Full,Half,Skipped,Half,Half,Full,Skipped,Half,Full,Full,Half,Skipped,Skipped,Half,Skipped,Skipped,Skipped,Yes,No,Yes,Yes,Yes,Neutral,Neutral,Neutral,Neutral,Yes,No,Neutral,Yes,Yes,Neutral,Yes,Yes,Neutral,Yes,Neutral,Neutral,Both,"Remove rajma for a month and also aloo gobi as they have been in the menue from 2nd year, need some break from them"
4/6/2026 16:44:39,2,1,2,2,2,2,2,2,2,1,2,2,1,1,2,2,2,1,2,1,1,Full,Half,Half,Full,Full,Half,Full,Full,Half,Skipped,Half,Half,Skipped,Half,Full,Full,Full,Half,Full,Half,Half,Neutral,No,Neutral,Neutral,Neutral,Neutral,Neutral,Neutral,Neutral,No,Neutral,Neutral,No,No,Neutral,Neutral,Neutral,Neutral,Neutral,Neutral,Neutral,Mess,
4/6/2026 16:44:49,3,2,1,1,2,2,3,1,3,1,2,1,1,2,3,2,2,3,2,2,3,Half,Full,Skipped,Skipped,Full,Half,Half,Skipped,Full,Skipped,Full,Half,Skipped,Half,Full,Half,Skipped,Half,Half,Half,Full,Yes,Yes,No,No,Yes,Yes,Yes,No,Yes,No,Yes,Yes,No,Yes,Yes,Yes,Neutral,Yes,Neutral,Yes,Yes,Both,"Please don't include arhar dal,panchratan dal and kadhi pakoda.specially at night dal makhni ,dal tadka and masoor dal are the best option "
4/6/2026 16:44:59,5,5,3,3,5,5,5,3,5,3,3,2,1,4,5,5,5,4,3,3,5,Full,Full,Full,Skipped,Full,Half,Full,Half,Full,Skipped,Half,Half,Skipped,Full,Full,Half,Full,Half,Skipped,Skipped,Full,Yes,Yes,Yes,Neutral,Yes,Yes,Yes,Neutral,Yes,No,Neutral,Neutral,No,Yes,Yes,Yes,Yes,Yes,No,No,Yes,Mess,
4/6/2026 16:45:26,2,2,1,1,1,1,1,2,1,1,1,1,1,1,1,2,1,1,2,1,1,Full,Full,Full,Full,Skipped,Skipped,Half,Full,Skipped,Skipped,Skipped,Skipped,Skipped,Skipped,Skipped,Full,Half,Half,Half,Skipped,Skipped,Neutral,Neutral,Neutral,Neutral,No,No,Neutral,Neutral,No,No,No,Neutral,No,No,No,Yes,Neutral,No,Yes,Neutral,No,Outside,
4/6/2026 16:45:30,4,2,4,4,2,5,3,3,3,3,3,3,3,3,3,3,3,3,3,3,3,Full,Full,Full,Full,Full,Full,Full,Full,Full,Full,Full,Full,Full,Full,Full,Full,Full,Full,Full,Full,Full,Neutral,No,Neutral,Neutral,Neutral,Neutral,Neutral,Neutral,Neutral,No,Neutral,Neutral,No,No,No,No,Neutral,Neutral,Yes,No,No,Mess,Add namkeen lassi
4/6/2026 16:46:19,1,3,3,1,3,1,1,3,3,1,1,1,1,3,3,3,3,1,3,1,3,Skipped,Full,Full,Skipped,Full,Skipped,Skipped,Full,Full,Skipped,Skipped,Skipped,Skipped,Full,Full,Full,Full,Skipped,Full,Skipped,Full,No,Yes,Yes,No,Yes,No,No,No,Yes,No,No,No,No,Yes,Yes,Yes,Yes,No,Yes,No,Yes,Both,
4/6/2026 16:46:20,2,3,2,2,3,2,2,2,3,2,1,1,1,1,2,3,3,1,2,1,2,Skipped,Full,Full,Full,Full,Half,Half,Half,Full,Full,Skipped,Skipped,Skipped,Skipped,Half,Full,Full,Half,Full,Skipped,Full,Neutral,Yes,Yes,Yes,Yes,Neutral,No,Neutral,Yes,Yes,No,No,No,No,Yes,Yes,Yes,Neutral,Yes,No,Yes,Both,
4/6/2026 16:48:07,1,1,1,2,1,1,2,1,1,2,1,1,2,1,1,3,1,1,3,1,1,Full,Skipped,Skipped,Half,Skipped,Skipped,Full,Skipped,Skipped,Full,Skipped,Skipped,Full,Skipped,Skipped,Full,Skipped,Skipped,Full,Skipped,Skipped,Neutral,No,No,No,No,No,Yes,No,No,Neutral,No,No,Neutral,No,No,Yes,No,No,Yes,No,No,Both,I used to eat only breakfast 😞 lunch and dinner quality to low i skip it
4/6/2026 16:49:33,5,5,4,4,4,3,5,4,5,4,4,2,1,1,3,5,5,2,5,1,4,Full,Full,Full,Full,Full,Full,Full,Full,Full,Full,Full,Full,Skipped,Skipped,Half,Full,Full,Full,Full,Skipped,Full,Yes,Yes,Yes,Neutral,Neutral,Yes,Yes,Yes,Yes,Yes,Yes,Neutral,No,No,Neutral,Yes,Yes,No,Yes,No,Yes,Mess,
4/6/2026 16:49:39,4,5,2,4,5,5,4,5,5,5,5,4,1,1,5,5,3,3,2,4,5,Half,Full,Skipped,Full,Full,Full,Half,Full,Full,Full,Full,Half,Skipped,Skipped,Full,Full,Skipped,Skipped,Skipped,Full,Full,Neutral,Yes,No,Yes,Yes,Yes,Neutral,Yes,Yes,Yes,Yes,No,No,No,Yes,Yes,No,No,No,Yes,Yes,Mess,
4/6/2026 16:49:55,3,1,1,1,3,1,3,2,3,3,3,1,3,1,3,3,3,3,3,1,3,Full,Skipped,Skipped,Half,Full,Skipped,Full,Skipped,Full,Full,Full,Skipped,Full,Skipped,Full,Full,Full,Full,Full,Full,Full,Yes,No,No,Neutral,Yes,No,Yes,No,Yes,Yes,Yes,No,Yes,No,Yes,Yes,Yes,Yes,Yes,Yes,Yes,Mess,
4/6/2026 16:50:05,2,2,1,1,3,2,2,1,3,1,2,2,1,3,3,3,2,3,2,2,3,Half,Full,Skipped,Skipped,Full,Full,Full,Skipped,Full,Skipped,Full,Half,Skipped,Half,Full,Full,Half,Full,Half,Full,Full,Yes,Yes,No,No,Yes,Yes,Yes,No,Yes,No,Yes,Yes,No,Neutral,Yes,Yes,Neutral,Yes,Neutral,Yes,Yes,Both,"Please serve dal makhni,dal tadka and masoor dal at night don't include arhar dal and panchratan dal in any meal"
4/6/2026 16:50:34,3,1,1,1,3,1,3,1,3,3,1,1,1,1,3,3,3,1,3,1,3,Full,Skipped,Skipped,Skipped,Full,Skipped,Full,Skipped,Full,Full,Skipped,Skipped,Skipped,Skipped,Full,Full,Full,Skipped,Full,Skipped,Full,Neutral,No,No,No,Yes,No,Neutral,No,Yes,Yes,No,No,No,No,Yes,Yes,Yes,No,Yes,No,Yes,Both,Wednesday afternoon is too worst bcoz they are serving only kadhi pakoda. Boiled eggs are also not served sufficiently in the morning ( completed within 30 min of mess start). Atleast serve the egg bhurji and omelette in afternoon and night because mess food is too bad. Add Aloo bhujia and arhar Dal in afternoon atleast it is good .Quality of Dal served in mess is worst (80% water 20% dal). Chicken and Dosa are only good food in the mess Don't remove it🥲🥲.
4/6/2026 16:51:39,3,1,1,2,1,1,2,1,4,1,1,1,2,1,3,3,3,3,3,5,4,Skipped,Half,Half,Half,Half,Half,Half,Half,Half,Half,Half,Half,Half,Skipped,Skipped,Skipped,Half,Half,Half,Half,Half,Yes,No,No,Neutral,Yes,Neutral,Yes,No,Yes,Neutral,Neutral,Neutral,No,No,Yes,Neutral,Yes,Yes,Yes,Yes,Yes,Mess,
4/6/2026 16:52:28,3,2,2,3,3,3,3,2,2,1,3,3,2,2,3,2,2,1,3,3,2,Full,Full,Half,Full,Full,Full,Full,Half,Half,Skipped,Full,Full,Full,Full,Half,Half,Full,Skipped,Full,Half,Half,Yes,Neutral,Neutral,Yes,Yes,Neutral,Yes,Neutral,Neutral,No,Yes,Neutral,Neutral,Neutral,Neutral,Neutral,Neutral,No,Yes,Neutral,Neutral,Mess,
4/6/2026 16:52:47,2,3,1,1,3,2,2,2,3,1,2,1,1,1,2,1,3,3,3,2,3,Full,Full,Skipped,Skipped,Half,Half,Half,Full,Full,Skipped,Skipped,Half,Skipped,Skipped,Half,Skipped,Full,Full,Full,Half,Full,Neutral,Yes,No,No,Yes,Neutral,Neutral,Neutral,Yes,No,No,No,No,No,Neutral,No,Yes,Yes,Yes,Neutral,Yes,Mess,"Add healthier food option , please remove black channa and don't bring in future "
4/6/2026 16:52:53,3,2,2,3,3,3,2,2,5,3,2,3,2,1,4,3,4,3,3,2,5,Half,Half,Half,Half,Half,Full,Half,Half,Full,Half,Half,Full,Half,Half,Full,Half,Half,Half,Half,Half,Full,Neutral,No,Neutral,Neutral,Neutral,Neutral,Neutral,Neutral,Yes,Neutral,No,Neutral,Neutral,No,Yes,Neutral,Neutral,Neutral,No,No,Yes,Mess,"Please increase the use of spices,as most of the food doesn't have any taste and flavour cz of that there's hardly a day when I enjoy eating my meal.
"
4/6/2026 16:53:16,5,5,5,5,5,5,5,5,1,5,5,5,5,5,5,5,5,5,5,5,1,Full,Half,Half,Half,Full,Full,Full,Full,Full,Full,Half,Skipped,Skipped,Skipped,Skipped,Full,Half,Half,Skipped,Half,Full,Yes,Yes,Yes,Yes,Yes,Yes,Yes,Yes,Yes,Yes,Yes,Yes,Yes,Yes,Yes,Yes,Yes,Yes,Yes,Yes,No,Mess,NITJ MESS > NITH MESS
4/6/2026 16:53:20,4,3,1,5,3,2,5,4,5,1,3,4,4,1,5,5,1,3,5,1,5,Full,Half,Skipped,Full,Full,Skipped,Full,Half,Full,Skipped,Full,Half,Half,Skipped,Full,Full,Skipped,Full,Full,Skipped,Full,Yes,Neutral,No,Yes,Yes,Neutral,Yes,Neutral,Yes,No,Yes,Neutral,Neutral,No,Yes,Yes,No,Yes,Yes,No,Yes,Both,
4/6/2026 16:54:30,4,2,1,4,4,4,3,4,4,1,1,1,1,1,4,4,4,1,4,1,4,Skipped,Half,Skipped,Half,Full,Half,Half,Half,Full,Skipped,Skipped,Skipped,Skipped,Skipped,Half,Full,Full,Skipped,Full,Skipped,Full,Neutral,Neutral,No,Neutral,Neutral,No,Neutral,Neutral,Neutral,No,No,No,No,No,Yes,Yes,Yes,No,Yes,No,No,Mess,
4/6/2026 16:55:45,4,4,4,5,4,3,4,4,5,5,4,3,1,4,5,5,5,4,4,4,5,Full,Full,Full,Full,Half,Half,Full,Full,Full,Full,Full,Half,Skipped,Full,Full,Full,Full,Full,Full,Full,Full,Yes,Yes,Yes,Yes,Yes,Neutral,Yes,Yes,Yes,Yes,Neutral,No,No,Yes,Yes,Yes,Yes,Yes,Yes,Yes,Yes,Mess,
4/6/2026 16:57:03,3,2,2,3,1,2,2,3,1,2,2,2,3,2,1,3,3,3,3,3,1,Full,Full,Full,Full,Half,Half,Full,Full,Skipped,Full,Full,Half,Full,Half,Half,Full,Full,Full,Full,Full,Half,Yes,Neutral,Neutral,Yes,Neutral,Yes,Yes,Yes,No,Yes,Yes,Neutral,Yes,Neutral,No,Yes,Yes,Yes,Yes,Yes,No,Mess,One day in the dinner a worm was found in my dal so it is a request to please maintain some hygiene.
4/6/2026 16:57:09,4,5,1,3,3,1,3,3,2,2,1,1,1,2,1,2,3,1,3,5,4,Full,Full,Skipped,Half,Half,Half,Half,Half,Half,Skipped,Skipped,Skipped,Skipped,Half,Skipped,Half,Full,Skipped,Half,Full,Half,Yes,Yes,No,Neutral,Neutral,Neutral,Neutral,Neutral,Neutral,Neutral,No,No,No,Neutral,No,Neutral,Yes,No,Neutral,Yes,Neutral,Both,
4/6/2026 16:57:25,3,3,2,2,3,3,3,1,3,1,1,1,1,1,3,3,3,1,3,2,2,Full,Full,Half,Half,Half,Half,Full,Skipped,Full,Skipped,Skipped,Half,Skipped,Skipped,Full,Full,Full,Full,Full,Full,Full,Yes,Yes,Neutral,Neutral,Yes,Neutral,Yes,No,Yes,No,No,No,No,No,No,No,Yes,Neutral,Yes,Neutral,Yes,Mess,
4/6/2026 17:00:34,4,5,1,5,1,5,3,1,4,5,5,5,5,5,5,5,2,2,5,3,1,Half,Full,Skipped,Full,Half,Full,Half,Skipped,Full,Full,Full,Full,Full,Full,Full,Full,Half,Skipped,Full,Half,Skipped,Yes,Yes,No,Yes,Neutral,Yes,Neutral,No,Yes,Yes,Yes,Yes,Yes,Yes,Yes,Yes,Neutral,No,Yes,Neutral,No,Mess,
4/6/2026 17:01:37,2,2,1,1,2,2,1,3,3,1,1,2,1,1,3,4,1,1,5,2,4,Full,Half,Half,Skipped,Full,Half,Skipped,Full,Full,Skipped,Skipped,Skipped,Skipped,Skipped,Full,Full,Skipped,Skipped,Full,Skipped,Full,Neutral,Neutral,No,No,Neutral,No,Neutral,Yes,Yes,No,No,No,No,No,Yes,Yes,No,No,Yes,No,Yes,Mess,
4/6/2026 17:01:53,3,4,2,3,1,2,1,1,3,4,1,2,1,3,1,4,4,4,4,4,2,Half,Full,Skipped,Full,Skipped,Half,Skipped,Half,Full,Full,Skipped,Half,Skipped,Full,Skipped,Full,Full,Half,Half,Full,Half,Neutral,Yes,No,Neutral,No,No,No,No,Neutral,Yes,No,No,No,Yes,No,Yes,Yes,No,Yes,Yes,Neutral,Both,
4/6/2026 17:03:23,5,4,1,4,1,4,4,4,5,5,4,5,4,3,3,5,1,1,5,3,1,Full,Full,Skipped,Full,Half,Half,Full,Full,Full,Full,Half,Half,Full,Half,Full,Full,Skipped,Skipped,Full,Half,Skipped,Yes,Yes,No,Yes,Neutral,Neutral,Neutral,Yes,Yes,Yes,Neutral,No,Yes,Neutral,Neutral,Yes,No,No,Yes,Neutral,No,Both,
4/6/2026 17:05:51,3,4,2,3,3,2,3,1,3,1,2,2,1,1,1,5,4,1,5,2,3,Full,Full,Half,Full,Full,Half,Full,Skipped,Full,Skipped,Half,Half,Half,Half,Half,Full,Full,Half,Full,Half,Half,Yes,Yes,No,Yes,Yes,Neutral,Yes,No,Yes,No,Neutral,Neutral,No,No,No,Yes,Yes,Yes,Yes,Neutral,Neutral,Mess,Replace kadhi pakida never ever removed from menu
4/6/2026 17:06:05,3,1,3,4,3,4,2,2,4,3,2,1,2,2,4,4,2,2,4,1,4,Full,Skipped,Half,Full,Full,Full,Half,Half,Full,Full,Half,Skipped,Full,Half,Full,Full,Skipped,Skipped,Full,Skipped,Full,Neutral,No,Neutral,Yes,Yes,Yes,Yes,Neutral,Yes,Yes,No,No,Neutral,Neutral,Yes,Yes,No,Neutral,Yes,No,Yes,Mess,
4/6/2026 17:07:20,3,1,1,2,1,1,2,3,1,2,1,3,2,3,3,3,3,1,1,3,1,Skipped,Half,Skipped,Skipped,Skipped,Skipped,Skipped,Half,Skipped,Half,Skipped,Half,Half,Full,Full,Full,Full,Half,Skipped,Half,Skipped,Neutral,Neutral,No,Neutral,No,No,Neutral,Yes,No,Neutral,No,Neutral,Neutral,Yes,Yes,Yes,Yes,Neutral,Neutral,Neutral,No,Mess,"Please use good quality and fresh oil. I've noticed in every mess that they make vegetable taste and look more worse after cooking the vegetable with bad oil smell and if it's left for few minutes, You won't be able to eat it. For example if you go to cook a carrot or other green vegetables. Definitly It's going to worst with your standard recipe and terrible oil. Although moong daal is very good.  "
4/6/2026 17:08:02,4,3,3,3,2,3,1,1,2,2,1,3,1,2,4,5,4,4,5,2,3,Full,Full,Full,Full,Half,Half,Skipped,Skipped,Half,Half,Skipped,Half,Skipped,Full,Full,Half,Full,Full,Full,Skipped,Half,Yes,Neutral,Yes,Neutral,No,Neutral,No,No,Neutral,Neutral,No,Neutral,No,Neutral,Yes,Yes,Yes,Yes,Yes,No,Neutral,Both,Atleast the Roti quality should be improved
4/6/2026 17:10:38,1,1,1,3,3,1,1,1,2,1,2,1,3,1,1,3,3,1,3,1,3,Skipped,Skipped,Full,Full,Full,Skipped,Skipped,Skipped,Full,Half,Full,Skipped,Full,Skipped,Full,Full,Full,Full,Full,Skipped,Full,No,No,No,Neutral,Neutral,Neutral,No,No,Neutral,Neutral,Neutral,No,Neutral,Neutral,Neutral,Yes,Yes,Yes,Yes,No,Neutral,Mess,breakfast se paratha hata kar meharbani karo hm par aur kuchh nhi chahiye bas itna kr do badi baat hai hmare liye
4/6/2026 17:12:28,3,3,2,3,3,3,3,3,3,1,2,1,3,1,3,3,2,3,2,1,3,Full,Full,Half,Full,Full,Half,Full,Full,Full,Skipped,Half,Skipped,Full,Half,Full,Full,Half,Half,Half,Skipped,Full,Yes,Yes,Neutral,Yes,Yes,Neutral,Yes,Yes,Yes,No,Neutral,No,Yes,Neutral,Yes,Yes,Neutral,Neutral,Neutral,No,Yes,Mess,
4/6/2026 17:13:01,3,1,1,2,3,3,3,1,3,1,3,3,2,1,2,3,3,3,3,2,3,Full,Skipped,Skipped,Half,Full,Full,Full,Skipped,Full,Skipped,Full,Half,Half,Skipped,Half,Skipped,Full,Full,Full,Full,Full,Yes,No,Neutral,Yes,Yes,Yes,Yes,Neutral,Yes,No,Yes,Neutral,Neutral,No,Neutral,No,Yes,Neutral,Yes,Yes,Yes,Both,
4/6/2026 17:14:41,5,5,1,1,2,2,4,4,3,3,4,1,1,4,4,5,4,4,4,3,2,Full,Full,Skipped,Skipped,Half,Half,Half,Full,Full,Skipped,Skipped,Skipped,Skipped,Full,Full,Full,Full,Full,Full,Half,Half,No,Yes,No,No,No,No,No,Yes,No,No,No,No,No,Yes,No,Yes,No,No,Yes,No,No,Both,Improve the quality 
4/6/2026 17:15:49,3,3,1,1,3,2,2,5,3,2,3,1,2,3,1,2,2,3,5,1,1,Skipped,Full,Full,Skipped,Half,Half,Skipped,Full,Full,Skipped,Full,Skipped,Skipped,Half,Half,Skipped,Full,Full,Full,Skipped,Half,Neutral,Neutral,No,No,Neutral,Neutral,No,Yes,Neutral,Neutral,Neutral,No,No,Neutral,No,Neutral,Yes,Neutral,Yes,No,Neutral,Outside,
4/6/2026 17:17:38,1,3,5,1,2,4,3,3,1,2,2,1,5,4,5,5,5,5,5,1,1,Half,Full,Full,Skipped,Full,Full,Half,Full,Full,Full,Skipped,Skipped,Full,Full,Full,Full,Full,Full,Full,Skipped,Skipped,No,Yes,Yes,No,No,Yes,Neutral,Neutral,Neutral,Yes,No,No,Yes,Neutral,Yes,Yes,Yes,Yes,Yes,No,No,Mess,"Bhai acha khana diya karo , honestly bhook hoti hai tab bhi khane ka man nhi hota "
4/6/2026 17:18:33,1,1,1,1,1,1,1,3,3,3,1,2,1,2,2,3,1,2,2,2,1,Skipped,Skipped,Skipped,Skipped,Skipped,Skipped,Skipped,Half,Half,Half,Skipped,Skipped,Skipped,Skipped,Skipped,Full,Skipped,Half,Full,Half,Skipped,No,No,No,No,No,No,Yes,Yes,Yes,Yes,No,No,Neutral,Neutral,Neutral,Yes,No,Yes,Yes,Neutral,Yes,Outside,All things in menu contain aloo and everything looks same...
4/6/2026 17:19:15,5,5,1,3,1,3,4,4,1,1,4,1,1,1,4,5,1,1,1,1,1,Full,Full,Skipped,Half,Skipped,Skipped,Full,Full,Skipped,Skipped,Full,Skipped,Skipped,Half,Half,Full,Half,Skipped,Skipped,Skipped,Skipped,Yes,Yes,No,No,No,No,Yes,Yes,No,No,Yes,No,No,No,Yes,Yes,No,No,No,No,No,Outside,Remove pav bhaji and introduce vada pav and introduce aloo jeera 
4/6/2026 17:19:31,4,5,3,4,1,2,3,2,1,4,2,2,3,3,1,5,5,3,4,3,1,Full,Full,Full,Full,Skipped,Half,Half,Half,Skipped,Full,Half,Half,Half,Half,Skipped,Full,Full,Half,Full,Half,Skipped,Yes,Yes,Yes,Yes,No,Neutral,Neutral,No,No,Yes,Neutral,No,Neutral,Neutral,No,Yes,Yes,Neutral,Yes,Neutral,No,Mess,"Bhai Dinner Mostly does not taste good...Kindly improve upon the taste of dishes in dinner.... Especially Paneer( Chilli, Bhurji)...it does not feel like eating "
4/6/2026 17:19:41,5,5,3,1,4,2,5,2,5,4,4,2,3,3,2,5,5,1,5,4,5,Full,Full,Half,Skipped,Full,Half,Full,Skipped,Full,Full,Full,Half,Full,Half,Skipped,Full,Full,Skipped,Full,Full,Full,Yes,Yes,Neutral,No,Yes,Neutral,Yes,No,Yes,Yes,Yes,Neutral,Yes,Neutral,No,Yes,Yes,No,Yes,Yes,Yes,Both,
4/6/2026 17:20:07,3,4,2,4,2,5,2,4,5,2,4,2,1,1,1,5,4,5,4,3,3,Half,Full,Skipped,Full,Half,Full,Half,Full,Skipped,Half,Skipped,Half,Skipped,Skipped,Full,Full,Half,Full,Full,Skipped,Skipped,Neutral,Yes,Neutral,Yes,Yes,Yes,Neutral,Neutral,No,Neutral,Neutral,Neutral,No,No,Yes,Yes,Neutral,Yes,Yes,No,No,Mess,"All the times keep menu same by changing Sunday meal to Monday or Tuesday to Friday 
Doesn't change any dishes at all after complaining about them."
4/6/2026 17:20:18,1,5,1,2,5,4,1,1,5,4,4,3,4,5,5,4,5,4,5,2,5,Skipped,Full,Skipped,Skipped,Full,Full,Skipped,Skipped,Full,Full,Full,Half,Full,Full,Full,Full,Full,Half,Full,Skipped,Full,No,Yes,No,Neutral,Yes,Yes,No,No,Yes,Yes,Yes,Yes,Yes,Yes,Yes,Yes,Yes,Yes,Yes,No,Yes,Both,
4/6/2026 17:20:51,3,3,2,2,2,1,2,3,3,1,2,1,2,1,2,3,2,3,3,1,3,Full,Full,Full,Full,Full,Full,Full,Full,Full,Full,Full,Full,Full,Full,Full,Full,Full,Full,Full,Full,Full,Neutral,Yes,No,No,No,No,Neutral,Yes,Yes,No,No,No,Neutral,No,No,Yes,No,Neutral,Yes,No,Yes,Both,
4/6/2026 17:21:00,1,1,1,1,1,2,1,1,2,2,1,1,1,1,1,2,1,2,2,1,3,Full,Half,Full,Full,Skipped,Full,Full,Skipped,Full,Full,Full,Full,Skipped,Full,Full,Full,Full,Full,Full,Skipped,Full,Neutral,No,Yes,Yes,Neutral,Yes,Yes,No,Yes,Yes,Yes,Yes,No,Yes,Yes,Yes,No,Yes,Yes,No,Yes,Mess,"The food quality in the mess has not been good lately, and it feels quite unsatisfactory. A lot of food is going to waste because students are unable to eat it properly. It would be better to focus on improving the quality of the food, even if it means reducing the quantity.
Additionally, I would like to request that Kadhi Pakoda must be removed from the menu if possible, as many students do not prefer it please consider making these improvements for the benefit of everyone."
4/6/2026 17:22:47,5,5,1,3,4,3,5,4,5,5,4,2,5,5,5,5,4,4,5,2,4,Full,Full,Skipped,Half,Half,Half,Full,Half,Half,Half,Full,Full,Half,Full,Full,Skipped,Half,Half,Full,Skipped,Skipped,Yes,Yes,Neutral,Yes,Yes,Yes,Yes,Yes,Yes,Yes,Yes,Neutral,Yes,Yes,Yes,Neutral,Yes,Yes,Yes,No,Yes,Mess,Change the damn menu
4/6/2026 17:23:22,1,3,2,1,2,4,1,4,1,4,3,1,1,1,4,4,4,2,4,1,1,Skipped,Full,Half,Skipped,Half,Full,Skipped,Full,Half,Full,Full,Skipped,Skipped,Half,Full,Full,Full,Skipped,Full,Skipped,Half,No,Yes,Neutral,No,Neutral,Yes,No,Yes,Neutral,Yes,Yes,Neutral,No,No,Yes,Yes,Yes,Yes,Yes,No,No,Both,Aloo bhujia vapis lao and khana acha doo 
4/6/2026 17:23:23,4,4,4,4,4,3,4,3,4,3,2,2,3,4,3,4,4,4,5,4,3,Full,Full,Half,Full,Full,Skipped,Full,Skipped,Full,Half,Skipped,Skipped,Full,Full,Half,Full,Full,Full,Full,Half,Full,Yes,Yes,Yes,Yes,Yes,Neutral,Yes,No,Yes,Neutral,No,No,Neutral,Yes,Yes,Yes,Yes,Yes,Yes,Neutral,Yes,Mess,
4/6/2026 17:25:44,4,4,4,4,4,3,4,1,4,3,3,3,4,4,4,4,4,4,4,3,4,Full,Full,Full,Full,Full,Half,Full,Skipped,Full,Half,Skipped,Skipped,Full,Full,Full,Full,Full,Full,Full,Half,Full,Yes,Yes,Yes,Yes,Yes,No,Yes,No,Yes,Neutral,No,No,Neutral,Yes,Yes,Yes,Yes,Yes,Yes,Neutral,Yes,Mess,
4/6/2026 17:25:48,5,3,4,1,2,1,4,1,1,2,4,3,1,3,5,5,4,2,5,1,2,Full,Half,Half,Skipped,Half,Half,Full,Half,Half,Half,Half,Half,Skipped,Half,Full,Full,Full,Skipped,Full,Skipped,Skipped,Yes,Neutral,Neutral,No,Neutral,No,Yes,No,No,Neutral,Yes,Neutral,No,Neutral,Yes,Yes,Yes,No,Yes,No,No,Mess,
4/6/2026 17:25:51,2,3,2,2,2,2,3,3,2,3,2,2,1,3,3,3,3,2,3,2,1,Half,Half,Half,Half,Half,Half,Half,Half,Half,Half,Half,Half,Half,Half,Half,Half,Half,Half,Half,Half,Half,Yes,Yes,Yes,Yes,Yes,Yes,Yes,Yes,Yes,Yes,Yes,Yes,No,Yes,Neutral,Yes,Yes,Yes,Neutral,Neutral,No,Mess,
4/6/2026 17:26:40,5,5,5,1,5,5,5,5,5,4,4,3,1,4,3,1,3,1,1,1,3,Skipped,Full,Full,Skipped,Half,Skipped,Half,Full,Full,Full,Half,Full,Full,Full,Full,Half,Half,Skipped,Full,Full,Full,Yes,Yes,Neutral,No,No,No,Yes,Yes,Yes,Neutral,Neutral,No,No,Yes,Yes,No,Neutral,No,Neutral,No,No,Mess,REMOE PANNER CHILLI PLZZZZZZ AND PANEER TIKKA
4/6/2026 17:29:05,3,4,4,1,4,4,2,1,4,1,1,3,1,3,3,4,4,4,4,3,4,Full,Full,Full,Full,Full,Full,Full,Skipped,Full,Full,Skipped,Skipped,Skipped,Full,Full,Full,Full,Full,Full,Full,Full,Neutral,Yes,Neutral,Neutral,Neutral,Yes,Neutral,Neutral,Yes,Yes,Neutral,Neutral,Neutral,Neutral,Neutral,Neutral,Neutral,Neutral,Neutral,Neutral,Neutral,Mess,
4/6/2026 17:30:06,5,3,3,4,4,5,5,3,4,2,3,4,3,1,5,4,4,3,3,5,5,Full,Full,Full,Full,Full,Full,Full,Half,Full,Skipped,Half,Full,Skipped,Skipped,Full,Full,Full,Full,Full,Full,Full,Yes,Neutral,Neutral,Yes,Yes,Yes,Yes,Neutral,Yes,No,Neutral,Yes,Neutral,No,Yes,Yes,Yes,Yes,Yes,Yes,Yes,Mess,Please Remove Kala Chana.
4/6/2026 17:30:40,3,5,1,1,4,1,1,4,5,3,1,1,4,4,5,5,5,1,5,4,5,Skipped,Full,Skipped,Skipped,Full,Skipped,Skipped,Full,Full,Full,Skipped,Skipped,Skipped,Full,Full,Full,Full,Skipped,Skipped,Skipped,Skipped,Neutral,Yes,No,No,Yes,No,No,Yes,Yes,Yes,No,No,Yes,Neutral,Yes,Yes,Yes,No,Yes,Neutral,Yes,Both,.
4/6/2026 17:31:06,4,4,2,4,4,4,4,4,5,4,3,2,4,2,4,5,5,4,2,4,5,Half,Full,Full,Full,Full,Full,Full,Full,Full,Full,Half,Half,Full,Half,Full,Full,Full,Full,Full,Half,Full,Neutral,Yes,No,Yes,Yes,Neutral,Neutral,Yes,Yes,Yes,Neutral,No,Yes,No,Yes,Yes,Yes,Neutral,No,No,Yes,Mess,
4/6/2026 17:32:47,1,2,1,2,3,3,2,1,1,3,3,3,3,2,2,4,3,2,2,1,1,Half,Half,Half,Full,Half,Full,Half,Half,Half,Full,Full,Full,Full,Half,Half,Full,Full,Full,Half,Half,Half,No,Yes,No,Yes,No,No,No,No,No,Yes,Yes,Yes,Yes,No,No,Yes,Yes,No,Yes,No,No,Both,
4/6/2026 17:35:29,3,2,2,2,2,2,2,1,3,1,2,2,1,2,3,3,3,1,3,1,3,Full,Half,Half,Skipped,Full,Half,Full,Skipped,Full,Half,Half,Half,Skipped,Half,Full,Full,Full,Skipped,Full,Skipped,Full,Yes,Neutral,Neutral,Neutral,Neutral,Neutral,Yes,No,Yes,No,Neutral,No,No,Yes,Yes,Yes,Yes,No,Yes,No,Yes,Both,
4/6/2026 17:35:53,1,1,1,1,5,1,1,2,5,5,1,1,5,5,5,5,5,5,5,1,5,Skipped,Half,Half,Skipped,Full,Full,Skipped,Half,Full,Full,Skipped,Skipped,Full,Full,Full,Full,Full,Full,Full,Skipped,Full,No,Yes,Yes,No,Yes,Neutral,No,Neutral,Yes,Yes,No,No,Yes,Yes,Yes,Yes,Yes,Yes,Yes,No,Yes,Both,"- The current serving of Idli is insufficient for a breakfast meal. Please increase the quantity to make it a filling breakfast.

- Items like peanut butter are frequently unavailable. Also the bread provided is often stale or wet (I mean not fresh). Please ensure a consistent fresh supply.

- The menu has remained the same for an entire semester. Regular rotation of vegetables and dishes is necessary to avoid monotony. If a full menu change is not feasible, please introduce weekly swaps or special, fresh meals.

- The Mix-Veg and Aloo are consistently too dry and hard to swallow."
4/6/2026 17:36:16,1,1,1,1,1,1,1,1,1,1,1,1,1,1,3,3,2,1,3,1,3,Full,Full,Skipped,Skipped,Full,Skipped,Full,Skipped,Full,Skipped,Skipped,Skipped,Half,Skipped,Full,Full,Full,Skipped,Full,Skipped,Full,Neutral,Yes,No,No,Neutral,No,Yes,No,No,No,No,No,No,No,Yes,Yes,Yes,Neutral,Yes,No,Yes,Both,
4/6/2026 17:37:00,3,3,2,3,3,2,2,2,2,3,2,2,3,3,2,3,3,3,3,2,2,Full,Full,Half,Full,Full,Full,Full,Half,Full,Full,Half,Half,Full,Full,Skipped,Full,Full,Full,Full,Skipped,Skipped,Yes,Yes,Neutral,Yes,Yes,Yes,Yes,Neutral,Neutral,Yes,Neutral,Yes,Yes,Yes,Neutral,Yes,Yes,Neutral,Yes,Neutral,Neutral,Both,
4/6/2026 17:38:44,2,2,2,2,2,2,2,2,3,3,1,2,1,1,2,3,2,2,2,3,2,Skipped,Half,Skipped,Skipped,Half,Half,Skipped,Skipped,Full,Full,Half,Half,Skipped,Half,Half,Full,Half,Half,Skipped,Full,Full,No,Neutral,No,No,Neutral,No,No,No,Yes,Yes,No,Neutral,Neutral,No,Yes,Yes,Neutral,Neutral,No,Neutral,Neutral,Mess,
4/6/2026 17:42:48,4,4,3,2,3,3,4,3,3,3,3,2,1,2,2,5,3,3,4,3,4,Full,Full,Half,Full,Full,Half,Full,Half,Full,Half,Half,Half,Skipped,Skipped,Full,Full,Half,Half,Full,Half,Full,Yes,Neutral,No,Neutral,Yes,Neutral,Yes,No,Yes,Neutral,Neutral,No,No,No,Yes,Neutral,Neutral,Neutral,Yes,Neutral,Yes,Both,
4/6/2026 17:43:10,3,5,2,1,4,1,4,5,5,2,2,1,1,5,2,4,5,1,5,1,5,Skipped,Full,Skipped,Skipped,Full,Skipped,Full,Full,Full,Half,Half,Skipped,Half,Full,Skipped,Full,Full,Skipped,Full,Skipped,Full,Neutral,Yes,Neutral,No,Yes,No,Yes,Yes,Yes,Neutral,Neutral,No,No,Yes,No,Yes,Yes,No,Yes,No,Yes,Both,
4/6/2026 17:44:39,2,1,4,3,2,2,2,1,4,4,2,1,3,2,4,5,4,1,4,3,5,Skipped,Half,Full,Full,Full,Skipped,Skipped,Half,Full,Full,Half,Skipped,Full,Skipped,Full,Full,Full,Skipped,Full,Half,Full,Neutral,No,Yes,Yes,Neutral,No,Neutral,No,Yes,Yes,No,No,Neutral,Neutral,Yes,Yes,Yes,No,Yes,Neutral,Yes,Both,The person serving chicken should be polite and distribute chicken evenly.
4/6/2026 17:44:46,4,3,3,1,3,3,5,3,3,5,3,2,2,3,3,5,3,3,4,4,4,Full,Full,Full,Full,Full,Full,Full,Full,Full,Full,Full,Full,Full,Full,Full,Full,Full,Full,Full,Full,Full,Yes,Neutral,Neutral,No,Yes,Neutral,Yes,Neutral,Yes,Yes,Neutral,No,No,Yes,Yes,Yes,Yes,Yes,Yes,Yes,Yes,Mess,
4/6/2026 17:48:42,3,1,2,2,2,2,3,3,3,3,3,3,1,1,3,3,2,3,3,2,3,Half,Skipped,Skipped,Skipped,Skipped,Half,Half,Full,Full,Skipped,Half,Half,Skipped,Skipped,Full,Half,Half,Full,Full,Half,Full,Neutral,No,No,No,No,Neutral,Neutral,Yes,Yes,No,Neutral,Neutral,No,No,Yes,Neutral,Neutral,Yes,Yes,Neutral,Yes,Both,
4/6/2026 17:49:39,5,5,5,1,5,5,5,5,5,1,5,5,1,5,1,1,5,5,5,5,5,Full,Full,Full,Skipped,Full,Full,Full,Full,Full,Skipped,Full,Full,Skipped,Full,Skipped,Skipped,Full,Full,Full,Full,Full,Yes,Yes,Yes,No,Yes,Yes,Yes,Yes,Yes,No,Yes,Yes,No,Yes,No,No,Yes,Yes,Yes,Yes,Yes,Mess,yada se jyada hari sabjiya add kro please
4/6/2026 18:03:22,2,3,2,3,2,2,2,3,3,3,2,1,2,1,3,3,3,1,3,1,1,Half,Full,Skipped,Half,Skipped,Skipped,Half,Full,Full,Full,Half,Skipped,Half,Skipped,Half,Full,Full,Skipped,Full,Skipped,Half,Neutral,Yes,Neutral,Yes,Neutral,No,Neutral,Yes,Neutral,Yes,Neutral,No,Neutral,No,Neutral,Yes,Yes,No,Yes,No,No,Outside,the dinner quality is mostly pathetic. the lunch and breakfast are good but the main dishes in night are just plain bad. and how can one eat dal everynight cuz the main item is so bad. who likes giving money outside when we already paid in mess
4/6/2026 18:09:07,1,1,1,2,2,3,2,3,5,1,2,3,1,4,5,5,5,3,5,2,5,Skipped,Skipped,Skipped,Full,Full,Half,Skipped,Full,Full,Half,Skipped,Half,Skipped,Full,Full,Full,Full,Half,Full,Half,Full,Neutral,Neutral,Neutral,Yes,Yes,Neutral,Neutral,Yes,Yes,Neutral,Neutral,Neutral,No,Neutral,Yes,Yes,Yes,Neutral,Yes,Neutral,Yes,Both,
4/6/2026 18:10:31,5,5,3,1,4,1,5,4,5,1,3,1,3,3,5,5,5,4,5,3,5,Full,Full,Half,Skipped,Full,Skipped,Full,Half,Full,Skipped,Half,Half,Full,Half,Full,Full,Full,Half,Full,Half,Full,Yes,Yes,Neutral,No,Yes,Neutral,Yes,Neutral,Yes,No,Neutral,Neutral,Neutral,Neutral,Yes,Yes,Yes,Neutral,Yes,No,Yes,Mess,
4/6/2026 18:16:09,2,1,2,1,3,1,3,1,3,1,2,1,1,1,1,1,1,1,3,1,3,Half,Skipped,Half,Skipped,Half,Half,Full,Skipped,Full,Skipped,Half,Skipped,Skipped,Half,Full,Full,Skipped,Full,Full,Skipped,Full,Neutral,No,No,No,Neutral,No,Yes,No,Yes,No,Yes,No,No,No,Yes,Yes,No,Neutral,Yes,No,Yes,Mess,"These mess Menus are repeated from our first yr like rajma , kadhi, poha dalia we are fed up with the taste and everything keep 2 menus and run on alternate as runs in mgh"
4/6/2026 18:16:37,2,2,2,2,2,2,2,2,2,2,2,1,1,1,1,1,1,1,1,1,1,Full,Full,Full,Full,Full,Full,Full,Full,Full,Full,Full,Full,Full,Full,Full,Full,Full,Full,Full,Full,Full,Yes,Yes,No,No,No,No,No,No,No,No,No,No,No,No,No,No,No,No,Yes,No,No,Mess,You don't want feedback of  aloo pattagobhi?No one can eat that .
4/6/2026 18:18:23,4,4,4,2,4,3,3,3,4,4,4,3,2,4,4,2,4,4,4,3,4,Skipped,Full,Full,Skipped,Skipped,Full,Full,Half,Full,Full,Skipped,Half,Skipped,Full,Full,Skipped,Full,Full,Full,Full,Full,Neutral,Yes,Yes,No,Neutral,Neutral,Neutral,Neutral,Yes,Yes,Neutral,Neutral,No,Yes,Yes,Neutral,Yes,Yes,Yes,Neutral,Yes,Mess,
4/6/2026 18:27:42,5,3,3,5,5,4,5,3,5,1,3,3,2,3,4,5,3,1,5,3,5,Full,Full,Full,Full,Full,Full,Full,Half,Full,Skipped,Half,Half,Skipped,Half,Full,Full,Half,Half,Full,Full,Full,Yes,Neutral,Neutral,Yes,Yes,Yes,Yes,Neutral,Yes,No,Neutral,Neutral,No,Neutral,Yes,Yes,Neutral,No,Yes,Yes,Yes,Both,Remove spongy rasagulla 
4/6/2026 18:30:53,2,3,1,3,4,4,2,3,4,2,3,1,1,5,3,3,4,2,4,3,2,Half,Full,Skipped,Half,Full,Full,Half,Full,Full,Skipped,Full,Skipped,Skipped,Full,Skipped,Half,Full,Half,Full,Full,Skipped,Neutral,Neutral,No,Neutral,Yes,Yes,Neutral,Yes,Yes,No,Neutral,No,No,Yes,No,Neutral,Yes,Neutral,Yes,Yes,No,Both,Make the sabji and dal little bit spicy....eats totally not eatable...itna fika rehta hai...and please remove this chana masala....chhole hi dedo 2 baar...dry hone ke baad bikul bekaar hai voh...and allo beans me aloo toh pakte hi nhi...majority times aloo kache hote hai
4/6/2026 18:35:50,5,5,5,2,5,1,5,5,5,2,3,2,2,3,5,2,2,1,5,1,2,Full,Full,Full,Skipped,Full,Half,Full,Full,Full,Half,Half,Half,Skipped,Half,Half,Skipped,Full,Skipped,Full,Skipped,Half,Yes,Yes,Yes,No,Yes,No,Yes,Yes,Yes,Neutral,No,No,Neutral,Yes,Neutral,Neutral,Yes,No,Yes,No,Neutral,Mess,
4/6/2026 18:47:59,1,1,1,1,1,1,1,1,1,1,1,1,1,1,1,1,1,1,1,1,1,Skipped,Skipped,Skipped,Skipped,Skipped,Skipped,Skipped,Skipped,Skipped,Skipped,Skipped,Skipped,Skipped,Skipped,Skipped,Skipped,Skipped,Skipped,Skipped,Skipped,Skipped,No,No,No,No,No,No,No,No,No,No,No,No,No,No,No,No,No,No,No,No,No,Both,"very bad meals these days .....too ,much bad"
4/6/2026 18:49:10,1,1,1,1,3,3,3,3,3,3,3,1,1,1,3,3,1,3,1,1,1,Skipped,Half,Skipped,Skipped,Half,Skipped,Skipped,Half,Half,Full,Half,Full,Half,Full,Half,Full,Skipped,Skipped,Skipped,Skipped,Full,No,No,No,No,No,No,No,No,No,Neutral,No,No,Neutral,Neutral,Neutral,Yes,No,Yes,No,Neutral,Yes,Both,
4/6/2026 18:49:11,2,4,3,1,3,3,3,2,4,3,3,2,2,3,4,5,4,2,2,2,4,Skipped,Full,Full,Skipped,Full,Half,Skipped,Full,Half,Half,Half,Half,Half,Full,Full,Full,Full,Half,Skipped,Skipped,Full,Neutral,Yes,Neutral,No,Neutral,Neutral,Neutral,Yes,Yes,Yes,Yes,Neutral,No,Neutral,Yes,Yes,Neutral,Neutral,Neutral,No,Neutral,Both,
4/6/2026 18:49:14,2,5,4,1,3,1,1,4,4,1,1,4,1,3,2,4,3,4,2,2,5,Half,Full,Half,Skipped,Half,Half,Skipped,Full,Full,Skipped,Skipped,Half,Skipped,Full,Half,Half,Full,Half,Half,Skipped,Full,Yes,Yes,Yes,Neutral,Neutral,Neutral,No,Yes,Neutral,No,No,Neutral,No,Yes,Yes,No,Neutral,Neutral,Neutral,No,Yes,Both,"Nah, it was mid"
4/6/2026 18:54:34,5,5,4,4,5,5,5,1,5,4,2,3,4,1,4,4,5,1,5,1,2,Full,Full,Full,Full,Full,Full,Full,Skipped,Full,Full,Half,Half,Full,Skipped,Full,Full,Full,Half,Full,Skipped,Skipped,Yes,Yes,Neutral,Neutral,Yes,Neutral,Yes,No,Yes,Neutral,Neutral,Neutral,Yes,No,Yes,Yes,Yes,Neutral,Yes,No,Neutral,Mess,
4/6/2026 19:20:08,4,5,4,4,3,3,4,4,3,5,3,3,3,5,4,5,4,4,5,3,1,Full,Full,Full,Full,Half,Half,Full,Full,Half,Full,Half,Half,Half,Full,Half,Full,Full,Half,Full,Skipped,Skipped,Yes,Yes,Yes,Yes,Neutral,Neutral,Yes,Yes,Neutral,Yes,Neutral,Neutral,Neutral,Yes,Neutral,Yes,Yes,Neutral,Yes,No,No,Mess,
4/6/2026 19:21:07,3,5,5,3,4,2,3,4,5,4,1,2,5,5,5,5,5,5,5,3,5,Skipped,Full,Full,Skipped,Full,Half,Skipped,Full,Full,Full,Skipped,Half,Full,Full,Full,Full,Full,Full,Skipped,Skipped,Full,Neutral,Yes,Yes,Neutral,Neutral,No,Neutral,Neutral,Yes,Neutral,No,Neutral,Yes,Yes,Yes,Yes,Yes,Yes,Yes,Neutral,Yes,Mess,
4/6/2026 19:22:42,4,5,4,4,3,3,4,4,3,5,3,3,4,5,4,5,5,3,5,1,1,Full,Full,Full,Full,Half,Half,Full,Full,Half,Full,Half,Skipped,Full,Full,Half,Full,Full,Half,Full,Skipped,Skipped,Yes,Yes,Yes,Yes,Neutral,Neutral,Yes,Yes,Neutral,Yes,No,No,Neutral,Yes,Neutral,Yes,Neutral,Neutral,Yes,No,No,Mess,
4/6/2026 19:31:42,1,2,2,3,3,2,2,3,3,3,3,1,1,3,2,3,3,2,3,3,3,Half,Full,Half,Half,Half,Full,Half,Full,Full,Full,Full,Skipped,Skipped,Full,Half,Full,Half,Full,Half,Full,Skipped,No,No,No,Neutral,Yes,No,Neutral,Neutral,Neutral,Neutral,Yes,No,No,Yes,No,Yes,Yes,Neutral,Neutral,Neutral,No,Both,This is so substandard
4/6/2026 19:38:58,3,1,2,3,1,2,3,3,1,1,3,2,1,1,1,3,1,1,3,2,1,Full,Half,Skipped,Full,Skipped,Half,Full,Full,Skipped,Skipped,Half,Half,Skipped,Half,Half,Full,Skipped,Half,Full,Half,Skipped,Yes,Neutral,Neutral,Yes,No,Neutral,Yes,Yes,No,Neutral,Neutral,Neutral,No,No,No,Yes,Neutral,No,Yes,Yes,No,Mess,"Improve the hygiene of mess, while eating the cockroach comes from under the table or seat and the rats can be commonly seen. Display the price of extras we take and also keep an eye on the dynamic pricing of the extras given they all are marked under same price no matter the MRP on them. And If the feedbacks are not seen them don't take them. Just do the corruption. "
4/6/2026 19:45:07,5,5,5,4,3,4,3,5,3,5,4,4,3,5,4,5,3,5,4,4,4,Full,Full,Full,Full,Full,Full,Full,Full,Full,Full,Full,Full,Full,Full,Full,Full,Full,Full,Full,Full,Full,Yes,Neutral,Yes,Yes,No,Yes,Yes,Neutral,Yes,No,Yes,Neutral,Neutral,Yes,Neutral,Yes,Neutral,Yes,Neutral,Neutral,Neutral,Both,Please provide namkeen lassi in lunch
4/6/2026 19:46:55,3,3,3,2,3,1,3,3,3,2,2,1,1,3,2,3,3,3,3,2,3,Full,Full,Full,Full,Full,Full,Full,Full,Full,Full,Full,Half,Half,Full,Full,Full,Full,Full,Full,Half,Full,Yes,Yes,Yes,Neutral,Yes,No,Yes,Yes,Yes,Neutral,Yes,No,No,Neutral,Yes,Yes,Yes,Yes,Yes,Neutral,Yes,Mess,
4/6/2026 19:56:06,2,4,3,1,3,4,2,4,1,4,2,4,2,3,4,5,4,3,4,5,3,Skipped,Full,Half,Skipped,Half,Full,Skipped,Full,Half,Full,Half,Full,Half,Half,Full,Full,Half,Half,Half,Full,Half,No,Yes,Neutral,No,Neutral,Yes,No,Yes,Neutral,Yes,No,Yes,Neutral,Neutral,Yes,Yes,Neutral,Neutral,Yes,Yes,Neutral,Mess,
4/6/2026 19:58:32,1,3,2,2,2,2,2,3,1,1,1,3,2,2,2,2,3,1,2,1,1,Skipped,Full,Half,Half,Half,Skipped,Skipped,Skipped,Half,Half,Half,Skipped,Half,Half,Half,Half,Half,Half,Half,Half,Half,No,Yes,No,No,Neutral,No,No,No,Neutral,Neutral,Neutral,Neutral,Neutral,Neutral,Neutral,Neutral,Neutral,No,No,Neutral,Neutral,Both,Plz change food quality and test and make plates will be clean 
4/6/2026 19:58:43,1,2,1,1,2,1,2,1,3,1,1,1,2,2,2,3,1,1,2,2,3,Skipped,Full,Skipped,Skipped,Half,Skipped,Skipped,Skipped,Full,Skipped,Half,Skipped,Skipped,Skipped,Skipped,Half,Skipped,Skipped,Half,Half,Full,No,No,No,No,No,No,No,No,Yes,No,Yes,No,No,Neutral,Neutral,Neutral,No,No,No,No,Yes,Both,"Please remove arhar dal and chana dal , maa chod rakhi h poore menu ki "
4/6/2026 20:08:22,1,1,1,2,1,1,4,1,3,5,2,1,1,1,4,5,3,2,3,1,4,Full,Half,Half,Full,Half,Half,Full,Skipped,Full,Full,Half,Half,Half,Skipped,Full,Full,Full,Skipped,Half,Skipped,Full,Yes,Neutral,No,Yes,Neutral,Neutral,Yes,No,Yes,Yes,Neutral,No,Neutral,No,Yes,Yes,Yes,No,Yes,No,Yes,Mess,
4/6/2026 20:16:37,3,1,3,3,3,1,3,3,1,1,3,1,1,1,3,3,3,2,3,1,1,Full,Skipped,Half,Full,Full,Half,Full,Full,Skipped,Skipped,Full,Skipped,Half,Skipped,Full,Full,Skipped,Half,Full,Skipped,Skipped,Yes,No,Neutral,Yes,Yes,No,Yes,Yes,No,No,Yes,No,Neutral,No,Yes,Yes,Yes,Neutral,Yes,No,No,Mess,
4/6/2026 20:28:28,5,5,5,5,1,5,5,5,5,1,5,1,1,1,5,5,5,5,5,5,5,Full,Full,Full,Full,Skipped,Half,Full,Full,Full,Skipped,Full,Skipped,Skipped,Skipped,Full,Full,Full,Full,Full,Skipped,Full,Yes,Yes,Yes,Yes,Yes,Yes,Yes,Yes,Yes,No,Yes,No,No,No,Yes,Yes,Yes,Yes,Yes,Yes,Yes,Mess,Add namkeen lassi
4/6/2026 20:57:22,2,2,2,1,3,2,3,3,3,2,1,1,1,1,3,3,1,1,3,1,3,Full,Full,Full,Full,Full,Full,Full,Full,Full,Skipped,Skipped,Skipped,Skipped,Half,Full,Full,Skipped,Skipped,Full,Skipped,Full,Yes,Yes,Neutral,No,Yes,Neutral,Yes,Yes,Yes,Neutral,No,No,No,No,Yes,Neutral,No,No,Yes,No,Yes,Mess,"Add additional items like anda  bhurji atleast , and add puri in mess on Saturday. Improve the quality of chapati "
4/6/2026 21:00:09,2,3,1,1,3,2,2,1,3,3,1,1,1,1,3,3,3,3,3,1,3,Skipped,Full,Half,Skipped,Half,Skipped,Skipped,Skipped,Full,Full,Skipped,Half,Skipped,Skipped,Full,Full,Full,Full,Full,Skipped,Full,No,Neutral,No,No,Neutral,No,No,No,Yes,Yes,No,No,No,No,Neutral,Yes,Yes,Yes,Yes,No,Yes,Mess,Eveything bad 
4/6/2026 21:19:36,5,5,4,1,3,2,3,3,5,1,2,3,2,5,5,1,4,4,5,5,5,Full,Full,Full,Skipped,Full,Half,Full,Half,Full,Skipped,Half,Half,Skipped,Full,Full,Skipped,Full,Full,Full,Full,Full,Yes,Yes,Yes,No,Yes,Neutral,Yes,Neutral,Yes,No,Neutral,Neutral,Neutral,Yes,Yes,No,Yes,Yes,Yes,Yes,Yes,Mess,NO
4/6/2026 21:21:55,1,3,1,1,1,3,1,1,1,2,1,1,1,1,1,3,2,3,3,1,1,Skipped,Full,Half,Skipped,Skipped,Half,Skipped,Skipped,Skipped,Skipped,Skipped,Skipped,Skipped,Half,Skipped,Full,Half,Half,Full,Skipped,Skipped,No,Yes,Neutral,No,No,Neutral,No,No,No,Yes,No,No,No,Neutral,No,Yes,Neutral,Yes,Yes,No,No,Both,"Remove, remove karai, Pakora and add namkeen lasi papad "
4/6/2026 21:27:42,5,3,5,4,5,1,3,3,1,1,1,1,2,1,5,5,5,5,5,1,1,Full,Half,Full,Full,Full,Skipped,Full,Half,Skipped,Skipped,Skipped,Skipped,Half,Skipped,Full,Full,Full,Full,Full,Skipped,Skipped,Yes,Neutral,Yes,Yes,Yes,No,Yes,Neutral,No,No,No,No,Neutral,No,Yes,Yes,Yes,Yes,Yes,Neutral,No,Outside,
4/6/2026 21:47:59,1,3,2,3,5,2,1,1,5,2,5,1,2,2,2,5,5,2,5,2,5,Skipped,Half,Half,Half,Full,Full,Skipped,Skipped,Full,Skipped,Half,Half,Half,Half,Half,Full,Full,Half,Full,Full,Full,No,Neutral,Neutral,Neutral,Yes,Neutral,No,No,Yes,No,Neutral,Neutral,Neutral,Neutral,Neutral,Yes,Yes,Neutral,Yes,Neutral,Yes,Mess,
4/6/2026 21:51:23,3,4,3,3,4,3,2,1,4,5,2,1,1,1,2,5,4,2,5,1,2,Half,Half,Half,Half,Half,Skipped,Skipped,Skipped,Half,Half,Half,Skipped,Skipped,Skipped,Half,Half,Half,Skipped,Half,Skipped,Half,Neutral,Neutral,Neutral,Yes,Yes,No,No,No,Neutral,Yes,No,No,No,No,Neutral,Yes,Yes,No,Yes,No,Neutral,Mess,add beshan chila in menu 
4/6/2026 22:01:20,5,5,5,1,3,3,3,5,5,1,1,3,1,3,3,5,3,3,5,5,5,Full,Full,Full,Skipped,Half,Full,Half,Full,Full,Skipped,Half,Full,Half,Full,Half,Full,Half,Half,Full,Full,Full,Yes,Yes,Yes,No,Neutral,Yes,Neutral,Yes,Yes,No,Neutral,Neutral,Neutral,Yes,Neutral,Yes,Neutral,Neutral,Yes,Neutral,Yes,Both,Remove idli and poha from mess menu
4/6/2026 22:36:09,5,5,2,1,1,5,5,5,1,1,3,4,1,1,1,5,5,5,5,2,1,Half,Half,Half,Skipped,Skipped,Half,Half,Half,Skipped,Skipped,Half,Half,Half,Skipped,Skipped,Half,Skipped,Half,Half,Skipped,Skipped,Yes,Yes,Yes,No,No,Yes,Yes,Yes,No,No,Yes,Yes,Yes,No,No,Yes,No,Yes,Yes,No,No,Both,
4/6/2026 23:04:14,1,1,1,3,3,3,3,3,1,1,3,1,1,1,1,2,2,2,3,1,3,Full,Half,Skipped,Full,Skipped,Half,Full,Full,Skipped,Skipped,Full,Skipped,Skipped,Skipped,Skipped,Half,Half,Half,Full,Half,Full,Yes,Neutral,No,Yes,Neutral,Neutral,Yes,Yes,No,No,Yes,No,No,No,No,Neutral,Neutral,Neutral,Yes,Neutral,Yes,Both,
4/6/2026 23:24:48,5,4,2,5,5,1,5,4,5,4,1,1,1,1,5,5,5,5,5,2,5,Full,Full,Half,Full,Full,Half,Full,Full,Full,Full,Skipped,Skipped,Skipped,Skipped,Full,Full,Full,Full,Full,Half,Full,Yes,Yes,Yes,Yes,Yes,Neutral,Yes,Yes,Yes,Yes,No,No,No,No,Yes,Yes,Yes,Yes,Yes,Neutral,Yes,Mess,Rotis are half baked . most of them are not cooked properly
4/6/2026 23:28:30,2,3,2,2,3,4,2,3,4,1,4,4,1,2,4,5,3,4,3,2,4,Skipped,Half,Half,Half,Skipped,Half,Skipped,Half,Full,Half,Full,Full,Half,Skipped,Half,Full,Half,Half,Skipped,Skipped,Full,No,Yes,Neutral,Neutral,No,Yes,No,Neutral,Yes,No,Yes,Yes,No,No,Neutral,Yes,Neutral,Yes,No,Neutral,Neutral,Both,"Add vda pao, fried rice, chhole kulche, aloo pudi, "
4/6/2026 23:41:56,5,5,3,4,4,4,3,4,5,3,4,4,2,2,4,4,3,5,4,3,4,Full,Full,Skipped,Half,Full,Half,Half,Half,Full,Half,Half,Half,Half,Skipped,Full,Half,Half,Full,Full,Half,Full,Neutral,Neutral,Neutral,No,Yes,Yes,Neutral,Neutral,Yes,No,Yes,Neutral,No,Neutral,Yes,Neutral,Neutral,Yes,Neutral,Neutral,Yes,Both,
4/7/2026 1:32:13,4,5,5,5,3,4,2,5,4,5,5,1,5,5,4,5,5,3,5,3,3,Full,Full,Full,Full,Half,Full,Full,Full,Half,Full,Full,Skipped,Full,Full,Full,Full,Full,Full,Full,Half,Half,Yes,Yes,Yes,Yes,Neutral,Neutral,No,Yes,Neutral,Yes,Yes,No,Yes,Yes,Yes,Yes,Yes,Neutral,Yes,Neutral,Neutral,Both,
4/7/2026 6:32:17,2,4,3,1,3,1,4,4,4,3,1,1,1,3,4,5,4,3,5,2,5,Full,Full,Full,Skipped,Full,Half,Full,Full,Full,Full,Half,Half,Skipped,Half,Full,Full,Full,Full,Full,Half,Full,Yes,Yes,Yes,Neutral,Yes,Neutral,Yes,Yes,Yes,Yes,No,No,No,Yes,Yes,Yes,Yes,Yes,Yes,Neutral,Yes,Mess,
4/7/2026 10:39:17,3,3,3,1,3,1,2,1,3,3,1,1,2,2,3,3,3,2,3,2,3,Full,Full,Full,Skipped,Full,Skipped,Half,Skipped,Full,Full,Skipped,Skipped,Full,Full,Full,Full,Full,Skipped,Full,Half,Full,Yes,Yes,Yes,Neutral,Yes,No,Neutral,No,Yes,Yes,No,No,Neutral,Yes,Yes,Yes,Yes,No,Yes,Neutral,Yes,Both,
4/7/2026 11:24:13,3,4,1,5,3,3,2,3,2,4,2,2,3,3,5,5,3,3,5,2,1,Skipped,Full,Skipped,Full,Half,Skipped,Skipped,Full,Half,Full,Skipped,Skipped,Full,Full,Full,Full,Full,Half,Full,Half,Skipped,Neutral,Yes,No,Yes,Yes,No,No,Neutral,Neutral,Yes,No,No,Yes,Yes,Yes,Yes,Yes,Neutral,Yes,No,No,Mess,
4/7/2026 11:47:25,3,3,2,1,3,2,3,1,4,4,2,2,1,1,3,4,3,4,4,1,3,Full,Full,Half,Half,Full,Half,Full,Skipped,Full,Full,Half,Half,Half,Half,Full,Full,Full,Full,Full,Half,Half,Yes,Yes,Neutral,No,Yes,Neutral,Yes,No,Yes,Yes,Neutral,Neutral,Neutral,Neutral,Yes,Yes,Neutral,Yes,Yes,No,Yes,Mess,
4/7/2026 12:27:52,3,3,3,3,1,2,3,3,1,2,1,3,1,2,3,1,2,2,3,2,3,Full,Full,Full,Full,Full,Full,Full,Full,Full,Full,Full,Full,Full,Full,Full,Full,Full,Full,Full,Full,Full,Yes,Yes,Neutral,Yes,Yes,Neutral,Yes,Yes,Yes,No,Yes,Yes,No,Neutral,Neutral,No,No,No,Yes,No,Yes,Mess,
4/7/2026 12:38:13,3,4,2,4,4,4,3,3,1,5,3,3,1,5,3,5,4,3,4,3,1,Full,Full,Half,Full,Half,Half,Full,Half,Skipped,Full,Full,Half,Skipped,Full,Skipped,Full,Full,Skipped,Full,Full,Skipped,Yes,Yes,No,Yes,Yes,Neutral,Yes,No,No,Yes,Neutral,Neutral,No,Yes,No,Yes,Yes,Neutral,Yes,Yes,No,Both,Paneer sabji needs improvement 